Time,Sentiment
2015-01-02 00:01:00,4.395487429643525
2015-01-03 00:01:00,1.0265295833333334
2015-01-04 00:01:00,6.248370144462276
2015-01-05 00:01:00,5.049664828614012
2015-01-06 00:01:00,0.2791515679442505
2015-01-07 00:01:00,1.041228793309439
2015-01-08 00:01:00,0.3253087064676614
2015-01-09 00:01:00,-0.265273325213155
2015-01-10 00:01:00,0.2558165745856349
2015-01-11 00:01:00,-0.1151201022146507
2015-01-12 00:01:00,2.314193410214169
2015-01-13 00:01:00,1.3868740259740266
2015-01-14 00:01:00,-0.504325313283208
2015-01-15 00:01:00,3.019739704069049
2015-01-16 00:01:00,1.058161656804734
2015-01-17 00:01:00,10.429510235131383
2015-01-18 00:01:00,1.9457050697084903
2015-01-19 00:01:00,1.9875539027982303
2015-01-20 00:01:00,-0.2375208383233528
2015-01-21 00:01:00,0.2658020910209104
2015-01-22 00:01:00,-2.9482821983273566
2015-01-23 00:01:00,1.6231141498216408
2015-01-24 00:01:00,2.2028803504380483
2015-01-25 00:01:00,3.2051501838235303
2015-01-26 00:01:00,1.9401285714285688
2015-01-27 00:01:00,2.0908729468599034
2015-01-28 00:01:00,0.8685315428571427
2015-01-29 00:01:00,2.3162476248477466
2015-01-30 00:01:00,0.2141112305854242
2015-01-31 00:01:00,2.1785801597869505
2015-02-01 00:01:00,6.649820618556698
2015-02-02 00:01:00,0.4590114519427404
2015-02-03 00:01:00,-0.1976516786570754
2015-02-04 00:01:00,4.201329929577465
2015-02-05 00:01:00,0.774613146551724
2015-02-06 00:01:00,2.4305303448275866
2015-02-07 00:01:00,1.0417380890052357
2015-02-08 00:01:00,3.1445074410163367
2015-02-09 00:01:00,2.4142665008291884
2015-02-10 00:01:00,0.3988692307692307
2015-02-11 00:01:00,-1.280594775212637
2015-02-12 00:01:00,3.817283432657925
2015-02-13 00:01:00,1.8739554973821984
2015-02-14 00:01:00,0.5703220095693783
2015-02-15 00:01:00,2.272918571428572
2015-02-16 00:01:00,0.4544552870090634
2015-02-17 00:01:00,1.7635678571428577
2015-02-18 00:01:00,0.3925609803921576
2015-02-19 00:01:00,2.0750488836662755
2015-02-20 00:01:00,6.690761276127611
2015-02-21 00:01:00,2.096126675603219
2015-02-22 00:01:00,0.4711870923913043
2015-02-23 00:01:00,1.1924112656467305
2015-02-24 00:01:00,1.0162734110169485
2015-02-25 00:01:00,0.637667066420664
2015-02-26 00:01:00,-3.1747957073170707
2015-02-27 00:01:00,0.1570325925925921
2015-02-28 00:01:00,3.6718482014388494
2015-03-01 00:01:00,0.7800639880952379
2015-03-02 00:01:00,0.8266360544217678
2015-03-03 00:01:00,1.231514848762603
2015-03-04 00:01:00,-0.1664076446280992
2015-03-05 00:01:00,0.3571630541871924
2015-03-06 00:01:00,0.4329112028301888
2015-03-07 00:01:00,0.1968709371293006
2015-03-08 00:01:00,1.533208319738986
2015-03-09 00:01:00,0.9452180473372794
2015-03-10 00:01:00,1.2809175360710328
2015-03-11 00:01:00,0.5506329608938546
2015-03-12 00:01:00,3.4992006795016994
2015-03-13 00:01:00,1.491480718954247
2015-03-14 00:01:00,1.522422322580645
2015-03-15 00:01:00,-0.1355497307001796
2015-03-16 00:01:00,0.8705909752547307
2015-03-17 00:01:00,1.6756540137614686
2015-03-18 00:01:00,1.5797624485596706
2015-03-19 00:01:00,1.7033591061452498
2015-03-20 00:01:00,0.4037505025125626
2015-03-21 00:01:00,7.103580394922421
2015-03-22 00:01:00,3.321325207296849
2015-03-23 00:01:00,1.7253856720827192
2015-03-24 00:01:00,1.7001299363057325
2015-03-25 00:01:00,0.8192026875699879
2015-03-26 00:01:00,1.286106762749446
2015-03-27 00:01:00,0.9520645348837208
2015-03-28 00:01:00,1.2104799999999998
2015-03-29 00:01:00,1.1765331641285957
2015-03-30 00:01:00,1.2249588524590158
2015-03-31 00:01:00,1.7074508496732026
2015-04-01 00:01:00,2.917917974683545
2015-04-02 00:01:00,-1.2349842800528403
2015-04-03 00:01:00,-1.024928962536022
2015-04-04 00:01:00,8.065467614533963
2015-04-05 00:01:00,2.3309705882352936
2015-04-06 00:01:00,8.294962863070538
2015-04-07 00:01:00,1.8578586394557817
2015-04-08 00:01:00,1.2476636978579485
2015-04-09 00:01:00,1.14958144963145
2015-04-10 00:01:00,4.006305222929934
2015-04-11 00:01:00,1.070186245954692
2015-04-12 00:01:00,-2.5472605568445505
2015-04-13 00:01:00,3.930669521912348
2015-04-14 00:01:00,0.6132307065217387
2015-04-15 00:01:00,-0.3342913507108999
2015-04-16 00:01:00,0.6361742442563482
2015-04-17 00:01:00,-4.036565490196077
2015-04-18 00:01:00,1.6689038759689925
2015-04-19 00:01:00,0.7096928057553955
2015-04-20 00:01:00,5.1237831643002005
2015-04-21 00:01:00,3.159382276843471
2015-04-22 00:01:00,1.5438459054209923
2015-04-23 00:01:00,1.5380865689865688
2015-04-24 00:01:00,3.1467962779156307
2015-04-25 00:01:00,2.5520686092715223
2015-04-26 00:01:00,-1.868127410207939
2015-04-27 00:01:00,3.1094827687776143
2015-04-28 00:01:00,0.9013686114352384
2015-04-29 00:01:00,-0.1309681603773586
2015-04-30 00:01:00,-0.3252386940749696
2015-05-01 00:01:00,5.282251171875004
2015-05-02 00:01:00,2.728703271692748
2015-05-03 00:01:00,3.93082552742616
2015-05-04 00:01:00,1.1021666666666676
2015-05-05 00:01:00,2.4635223958333348
2015-05-06 00:01:00,-1.6726951724137928
2015-05-07 00:01:00,0.4799365990990988
2015-05-08 00:01:00,1.977591139240506
2015-05-09 00:01:00,0.9112292569659444
2015-05-10 00:01:00,2.092033031674208
2015-05-11 00:01:00,4.439934600760453
2015-05-12 00:01:00,0.0247037783375318
2015-05-13 00:01:00,-0.2031224178403739
2015-05-14 00:01:00,1.6896586681974743
2015-05-15 00:01:00,2.80461098265896
2015-05-16 00:01:00,0.8665139784946218
2015-05-17 00:01:00,4.696957303370786
2015-05-18 00:01:00,1.555718181818182
2015-05-19 00:01:00,1.648699883449882
2015-05-20 00:01:00,0.6824588308457716
2015-05-21 00:01:00,4.371867608951706
2015-05-22 00:01:00,2.810717066666665
2015-05-23 00:01:00,2.274730921985815
2015-05-24 00:01:00,3.1525729306487715
2015-05-25 00:01:00,3.7115347408829193
2015-05-26 00:01:00,-1.380899663865546
2015-05-27 00:01:00,0.8196712264150945
2015-05-28 00:01:00,1.0874341842397333
2015-05-29 00:01:00,-0.4604692491060785
2015-05-30 00:01:00,1.4789250000000014
2015-05-31 00:01:00,2.546511380597016
2015-06-01 00:01:00,0.8500702048417135
2015-06-02 00:01:00,1.0168554153522602
2015-06-03 00:01:00,1.0472112293144216
2015-06-04 00:01:00,9.01039068010076
2015-06-05 00:01:00,2.2058250302297453
2015-06-06 00:01:00,0.167597524752475
2015-06-07 00:01:00,0.070887089715536
2015-06-08 00:01:00,-1.4222516129032252
2015-06-09 00:01:00,3.256662977099237
2015-06-10 00:01:00,4.617230834340991
2015-06-11 00:01:00,0.6169250620347402
2015-06-12 00:01:00,-0.2692019925280199
2015-06-13 00:01:00,3.016096870748298
2015-06-14 00:01:00,2.891059619450317
2015-06-15 00:01:00,2.30332562620424
2015-06-16 00:01:00,0.976390361445783
2015-06-17 00:01:00,1.0353431578947367
2015-06-18 00:01:00,2.2422870032223448
2015-06-19 00:01:00,0.5374989106753811
2015-06-20 00:01:00,1.9463258941344788
2015-06-21 00:01:00,-2.9446144814089994
2015-06-22 00:01:00,0.1215654952076675
2015-06-23 00:01:00,1.1957795893719805
2015-06-24 00:01:00,1.0093145576707732
2015-06-25 00:01:00,0.5931908235294117
2015-06-26 00:01:00,1.4773279269602588
2015-06-27 00:01:00,0.8913988200589972
2015-06-28 00:01:00,2.376383231083845
2015-06-29 00:01:00,0.1811911901081923
2015-06-30 00:01:00,1.4450533632286988
2015-07-01 00:01:00,1.360704821802933
2015-07-02 00:01:00,2.897612299035369
2015-07-03 00:01:00,-1.8246089572192512
2015-07-04 00:01:00,-1.565616985138004
2015-07-05 00:01:00,2.46234962406015
2015-07-06 00:01:00,0.1959382677165353
2015-07-07 00:01:00,1.0768599051008287
2015-07-08 00:01:00,-0.1202183391003468
2015-07-09 00:01:00,0.6204560665362022
2015-07-10 00:01:00,-0.7367140186915901
2015-07-11 00:01:00,0.3006948212083834
2015-07-12 00:01:00,1.6813585454545452
2015-07-13 00:01:00,2.087720064205456
2015-07-14 00:01:00,3.729981286549713
2015-07-15 00:01:00,3.4660874298540936
2015-07-16 00:01:00,1.147886970684038
2015-07-17 00:01:00,1.3920075112107624
2015-07-18 00:01:00,2.544183068783068
2015-07-19 00:01:00,0.5545510516252389
2015-07-20 00:01:00,-0.3650029143898018
2015-07-21 00:01:00,3.939305286839147
2015-07-22 00:01:00,0.4924245153933868
2015-07-23 00:01:00,2.095002854006585
2015-07-24 00:01:00,0.6912364396654719
2015-07-25 00:01:00,0.1021879781420763
2015-07-26 00:01:00,1.9348230038022816
2015-07-27 00:01:00,2.027801111111112
2015-07-28 00:01:00,0.5019705183585312
2015-07-29 00:01:00,0.7348403935185184
2015-07-30 00:01:00,0.8431530837004406
2015-07-31 00:01:00,-1.1463648558758324
2015-08-01 00:01:00,4.740058204768585
2015-08-02 00:01:00,-5.992343584521389
2015-08-03 00:01:00,-1.7565847602739733
2015-08-04 00:01:00,4.272356527093598
2015-08-05 00:01:00,2.3673421768707468
2015-08-06 00:01:00,0.3579702906350915
2015-08-07 00:01:00,0.2530732246798601
2015-08-08 00:01:00,0.8137721635883904
2015-08-09 00:01:00,1.2869727472527472
2015-08-10 00:01:00,0.5820591575091578
2015-08-11 00:01:00,2.8407412037037005
2015-08-12 00:01:00,1.228320162224796
2015-08-13 00:01:00,0.8001345070422523
2015-08-14 00:01:00,0.9716952088452088
2015-08-15 00:01:00,5.242168352788585
2015-08-16 00:01:00,0.8395251785714285
2015-08-17 00:01:00,1.480985431400285
2015-08-18 00:01:00,2.145125553505536
2015-08-19 00:01:00,3.6578243288590606
2015-08-20 00:01:00,-0.491113320825516
2015-08-21 00:01:00,0.0051265640038502
2015-08-22 00:01:00,1.614716573556797
2015-08-23 00:01:00,1.9282420520231207
2015-08-24 00:01:00,0.5295100954979532
2015-08-25 00:01:00,2.863049161196207
2015-08-26 00:01:00,1.1133151589242058
2015-08-27 00:01:00,-1.934657944915256
2015-08-28 00:01:00,1.5208004301075269
2015-08-29 00:01:00,1.6486925133689825
2015-08-30 00:01:00,0.8613147660818716
2015-08-31 00:01:00,3.713116472303208
2015-09-01 00:01:00,1.2515706567796607
2015-09-02 00:01:00,1.4482634046890928
2015-09-03 00:01:00,1.269018153200419
2015-09-04 00:01:00,0.8213144298688189
2015-09-05 00:01:00,-0.6877027060270604
2015-09-06 00:01:00,1.947476481481482
2015-09-07 00:01:00,2.029076644736843
2015-09-08 00:01:00,0.2496434462444771
2015-09-09 00:01:00,1.878064361702126
2015-09-10 00:01:00,-1.9621875399361024
2015-09-11 00:01:00,1.331136887921656
2015-09-12 00:01:00,0.9292400479616296
2015-09-13 00:01:00,-3.802155195911414
2015-09-14 00:01:00,1.3288962145110417
2015-09-15 00:01:00,0.8128262008733625
2015-09-16 00:01:00,0.2338595111583421
2015-09-17 00:01:00,-1.969191866527632
2015-09-18 00:01:00,-0.2980742630385493
2015-09-19 00:01:00,1.6513463806970514
2015-09-20 00:01:00,11.170475438596489
2015-09-21 00:01:00,0.5569226384364818
2015-09-22 00:01:00,3.044133872976336
2015-09-23 00:01:00,0.4481818858560785
2015-09-24 00:01:00,2.1487574492099304
2015-09-25 00:01:00,1.6198076291079828
2015-09-26 00:01:00,-4.903741768707489
2015-09-27 00:01:00,0.7177208130081294
2015-09-28 00:01:00,4.976236507936508
2015-09-29 00:01:00,3.2933975938402305
2015-09-30 00:01:00,0.6585225592417059
2015-10-01 00:01:00,0.7995276439790575
2015-10-02 00:01:00,-0.0618179586563306
2015-10-03 00:01:00,2.6987146969696973
2015-10-04 00:01:00,0.6606373776908019
2015-10-05 00:01:00,1.9472897777777791
2015-10-06 00:01:00,-1.7198324324324308
2015-10-07 00:01:00,-0.5164645702306087
2015-10-08 00:01:00,1.7130732522796357
2015-10-09 00:01:00,0.2738038716814159
2015-10-10 00:01:00,-0.2007210796915164
2015-10-11 00:01:00,0.9966714968152866
2015-10-12 00:01:00,1.995185007974482
2015-10-13 00:01:00,-0.3060349001175083
2015-10-14 00:01:00,-0.0349083333333331
2015-10-15 00:01:00,0.1845991253644311
2015-10-16 00:01:00,-0.1905285714285714
2015-10-17 00:01:00,2.418746871165645
2015-10-18 00:01:00,2.366505714285714
2015-10-19 00:01:00,2.381871486486487
2015-10-20 00:01:00,2.2501744751381216
2015-10-21 00:01:00,-0.173614136125655
2015-10-22 00:01:00,-3.1565891816920937
2015-10-23 00:01:00,2.6489026685393258
2015-10-24 00:01:00,4.009115373134325
2015-10-25 00:01:00,1.791725961538461
2015-10-26 00:01:00,2.821933199195169
2015-10-27 00:01:00,4.763664379947232
2015-10-28 00:01:00,2.540940874035989
2015-10-29 00:01:00,1.5686620641562068
2015-10-30 00:01:00,1.1369060606060617
2015-10-31 00:01:00,1.879729331046312
2015-11-01 00:01:00,2.057370206489676
2015-11-02 00:01:00,2.87076708595388
2015-11-03 00:01:00,-0.6511907117008435
2015-11-04 00:01:00,-2.971807953216376
2015-11-05 00:01:00,1.4969712790697662
2015-11-06 00:01:00,3.477842431466033
2015-11-07 00:01:00,1.757078873239436
2015-11-08 00:01:00,1.2932508368200832
2015-11-09 00:01:00,1.3568056710775036
2015-11-10 00:01:00,3.0291017711171664
2015-11-11 00:01:00,0.7817700453857793
2015-11-12 00:01:00,0.4306143581081087
2015-11-13 00:01:00,0.7320669278996862
2015-11-14 00:01:00,5.581156936936938
2015-11-15 00:01:00,3.1768008403361336
2015-11-16 00:01:00,0.1485392694063924
2015-11-17 00:01:00,1.258953755522827
2015-11-18 00:01:00,4.151683106267033
2015-11-19 00:01:00,1.707925198938993
2015-11-20 00:01:00,1.9914514084507056
2015-11-21 00:01:00,0.3281124804992198
2015-11-22 00:01:00,-0.3550622448979588
2015-11-23 00:01:00,0.2493073286052013
2015-11-24 00:01:00,3.975590373563216
2015-11-25 00:01:00,0.123029005524862
2015-11-26 00:01:00,2.209275894245723
2015-11-27 00:01:00,1.0437079646017704
2015-11-28 00:01:00,2.4673606719367576
2015-11-29 00:01:00,5.148201190476192
2015-11-30 00:01:00,1.7917107287449394
2015-12-01 00:01:00,1.4424819736842105
2015-12-02 00:01:00,1.9037753947368428
2015-12-03 00:01:00,1.7333895721925123
2015-12-04 00:01:00,-0.5683658473479962
2015-12-05 00:01:00,2.034663484087102
2015-12-06 00:01:00,1.3378063829787237
2015-12-07 00:01:00,-10.898700211864414
2015-12-08 00:01:00,3.418287144790252
2015-12-09 00:01:00,4.8238603367633255
2015-12-10 00:01:00,2.055878882833787
2015-12-11 00:01:00,1.4105043984476076
2015-12-12 00:01:00,1.2896542884071631
2015-12-13 00:01:00,0.2337542528735632
2015-12-14 00:01:00,1.338832567049808
2015-12-15 00:01:00,2.4342498795180725
2015-12-16 00:01:00,0.5276658792650909
2015-12-17 00:01:00,3.656824871134021
2015-12-18 00:01:00,1.6598497448979597
2015-12-19 00:01:00,2.6359940878378336
2015-12-20 00:01:00,1.484943276283619
2015-12-21 00:01:00,1.0749294392523363
2015-12-22 00:01:00,2.7567984802431607
2015-12-23 00:01:00,2.1172707438016527
2015-12-24 00:01:00,5.424650993377483
2015-12-25 00:01:00,2.4613447916666686
2015-12-26 00:01:00,12.618150316455694
2015-12-27 00:01:00,3.0081593984962383
2015-12-28 00:01:00,10.552751631477932
2015-12-29 00:01:00,1.6963883308714918
2015-12-30 00:01:00,3.251287517934002
2015-12-31 00:01:00,0.2417517287234052
2016-01-01 00:01:00,0.8445770833333334
2016-01-02 00:01:00,1.7629024774774762
2016-01-03 00:01:00,5.419776874999997
2016-01-04 00:01:00,0.8520882352941183
2016-01-05 00:01:00,-1.3614854312354323
2016-01-06 00:01:00,1.0926272727272743
2016-01-07 00:01:00,-2.9590634653465333
2016-01-08 00:01:00,0.6336687441860469
2016-01-09 00:01:00,1.4923113074204954
2016-01-10 00:01:00,10.627533269230767
2016-01-11 00:01:00,4.407813412816695
2016-01-12 00:01:00,0.4462003359462482
2016-01-13 00:01:00,3.7658679337231953
2016-01-14 00:01:00,3.791411758360301
2016-01-15 00:01:00,-2.3969929181929177
2016-01-16 00:01:00,1.9089049549549555
2016-01-17 00:01:00,-1.1074122123893806
2016-01-18 00:01:00,-0.2404066985645946
2016-01-19 00:01:00,0.1960458286985544
2016-01-20 00:01:00,1.0804433397683404
2016-01-21 00:01:00,-2.817807567049811
2016-01-22 00:01:00,0.7893071271929827
2016-01-23 00:01:00,5.292096522781772
2016-01-24 00:01:00,3.254100553505534
2016-01-25 00:01:00,-0.5257393890675253
2016-01-26 00:01:00,4.819061282660335
2016-01-27 00:01:00,0.3040090614886734
2016-01-28 00:01:00,1.7436974619289332
2016-01-29 00:01:00,1.2546963440860206
2016-01-30 00:01:00,0.8419919852034532
2016-01-31 00:01:00,-0.1316614379084969
2016-02-01 00:01:00,2.9811141085271333
2016-02-02 00:01:00,3.294521102863208
2016-02-03 00:01:00,1.8479272251308911
2016-02-04 00:01:00,2.342530769230768
2016-02-05 00:01:00,1.358762029646521
2016-02-06 00:01:00,0.1963632760898279
2016-02-07 00:01:00,2.9355406896551743
2016-02-08 00:01:00,3.9267305799648495
2016-02-09 00:01:00,4.090582463465551
2016-02-10 00:01:00,3.916655033557045
2016-02-11 00:01:00,2.725538143289609
2016-02-12 00:01:00,1.149534905660377
2016-02-13 00:01:00,1.003759599999999
2016-02-14 00:01:00,4.459613500000003
2016-02-15 00:01:00,2.6952836890243894
2016-02-16 00:01:00,7.437544708994713
2016-02-17 00:01:00,4.101199219620962
2016-02-18 00:01:00,3.3558578556263234
2016-02-19 00:01:00,1.0625560893854755
2016-02-20 00:01:00,-0.53829415954416
2016-02-21 00:01:00,4.817551865008882
2016-02-22 00:01:00,1.9223457391304355
2016-02-23 00:01:00,1.6068829612220898
2016-02-24 00:01:00,2.9807321974148064
2016-02-25 00:01:00,0.901425026968716
2016-02-26 00:01:00,0.8492618544600937
2016-02-27 00:01:00,2.108929548387095
2016-02-28 00:01:00,2.7436820872274126
2016-02-29 00:01:00,-0.1921909310761784
2016-03-01 00:01:00,3.4430764705882337
2016-03-02 00:01:00,3.074380497925308
2016-03-03 00:01:00,0.9719680898876398
2016-03-04 00:01:00,0.4456660069848662
2016-03-05 00:01:00,-4.03118212824011
2016-03-06 00:01:00,1.936964205816555
2016-03-07 00:01:00,1.537370996441281
2016-03-08 00:01:00,3.9855814576634514
2016-03-09 00:01:00,-0.0354403846153843
2016-03-10 00:01:00,2.9750842042755354
2016-03-11 00:01:00,1.925354395604397
2016-03-12 00:01:00,0.4421158218125968
2016-03-13 00:01:00,0.7580560640732266
2016-03-14 00:01:00,-1.8914965183752408
2016-03-15 00:01:00,0.7670139884393068
2016-03-16 00:01:00,2.1005023407022114
2016-03-17 00:01:00,3.2113071078431403
2016-03-18 00:01:00,4.685583959899748
2016-03-19 00:01:00,-3.0102777614138434
2016-03-20 00:01:00,6.183483185840706
2016-03-21 00:01:00,5.173773833333337
2016-03-22 00:01:00,-0.5247537735849056
2016-03-23 00:01:00,1.7715954271961494
2016-03-24 00:01:00,0.2760475942782832
2016-03-25 00:01:00,-0.3032820413436697
2016-03-26 00:01:00,3.08889476744186
2016-03-27 00:01:00,2.1905695760598505
2016-03-28 00:01:00,7.161648353909465
2016-03-29 00:01:00,7.392007502930836
2016-03-30 00:01:00,4.31229213362069
2016-03-31 00:01:00,2.035733504624873
2016-04-01 00:01:00,1.872781183932347
2016-04-02 00:01:00,-1.3352498684210534
2016-04-03 00:01:00,-0.4979428861788613
2016-04-04 00:01:00,1.9570674698795183
2016-04-05 00:01:00,2.6374355450236964
2016-04-06 00:01:00,1.218987654320988
2016-04-07 00:01:00,0.6968572247706423
2016-04-08 00:01:00,1.870924017003188
2016-04-09 00:01:00,0.3347744063324533
2016-04-10 00:01:00,0.1373798058252424
2016-04-11 00:01:00,2.1997357394366204
2016-04-12 00:01:00,0.7673194680851063
2016-04-13 00:01:00,2.796473516949152
2016-04-14 00:01:00,-2.266797363281249
2016-04-15 00:01:00,1.524244208037825
2016-04-16 00:01:00,0.1979809867629366
2016-04-17 00:01:00,-2.751414937759336
2016-04-18 00:01:00,1.1443904065040644
2016-04-19 00:01:00,0.9623989119683488
2016-04-20 00:01:00,0.5410616396761125
2016-04-21 00:01:00,0.3390346915017463
2016-04-22 00:01:00,1.1704326364692217
2016-04-23 00:01:00,2.5622390602055805
2016-04-24 00:01:00,0.5154676789587854
2016-04-25 00:01:00,0.9608677316293922
2016-04-26 00:01:00,0.0405190960451972
2016-04-27 00:01:00,2.63165
2016-04-28 00:01:00,4.250346717724292
2016-04-29 00:01:00,0.2903619904076737
2016-04-30 00:01:00,0.7944102564102565
2016-05-01 00:01:00,2.419719315895372
2016-05-02 00:01:00,4.679202059925093
2016-05-03 00:01:00,2.8304381969157792
2016-05-04 00:01:00,2.573511524163571
2016-05-05 00:01:00,0.5102659327925841
2016-05-06 00:01:00,1.5079768258426969
2016-05-07 00:01:00,1.0108366085578444
2016-05-08 00:01:00,-5.086148387096779
2016-05-09 00:01:00,4.15592672413793
2016-05-10 00:01:00,-0.1371743227326264
2016-05-11 00:01:00,0.5595964932126684
2016-05-12 00:01:00,-3.767484210526313
2016-05-13 00:01:00,1.1338384887839434
2016-05-14 00:01:00,-0.8055961038961034
2016-05-15 00:01:00,3.649996428571431
2016-05-16 00:01:00,1.5231795833333344
2016-05-17 00:01:00,-0.4411555428571422
2016-05-18 00:01:00,1.601504799107143
2016-05-19 00:01:00,-0.1763646017699096
2016-05-20 00:01:00,2.2616058457711468
2016-05-21 00:01:00,5.621970336391436
2016-05-22 00:01:00,4.864950931677019
2016-05-23 00:01:00,2.7373910416666694
2016-05-24 00:01:00,3.3994189903846137
2016-05-25 00:01:00,2.5367730414746537
2016-05-26 00:01:00,1.184208761682243
2016-05-27 00:01:00,4.159721938775509
2016-05-28 00:01:00,7.841625887573962
2016-05-29 00:01:00,-2.3606011876484567
2016-05-30 00:01:00,5.5951817622950815
2016-05-31 00:01:00,1.3138793604651158
2016-06-01 00:01:00,1.0812613043478256
2016-06-02 00:01:00,0.3169650526315786
2016-06-03 00:01:00,2.5392390300230985
2016-06-04 00:01:00,3.602292116182572
2016-06-05 00:01:00,1.33440158013544
2016-06-06 00:01:00,3.6415557858376526
2016-06-07 00:01:00,3.109069866071425
2016-06-08 00:01:00,1.3739451396648037
2016-06-09 00:01:00,1.428660044893379
2016-06-10 00:01:00,1.4525435760171308
2016-06-11 00:01:00,7.011427727856229
2016-06-12 00:01:00,-3.181674899598393
2016-06-13 00:01:00,-2.603925557461405
2016-06-14 00:01:00,5.4226418430884165
2016-06-15 00:01:00,7.187507505285406
2016-06-16 00:01:00,0.1120129158512718
2016-06-17 00:01:00,2.890172394678488
2016-06-18 00:01:00,1.7498029374201811
2016-06-19 00:01:00,2.997194912280702
2016-06-20 00:01:00,6.043373305954823
2016-06-21 00:01:00,9.795419031903196
2016-06-22 00:01:00,2.7073299603174594
2016-06-23 00:01:00,1.0839196652719654
2016-06-24 00:01:00,2.58407243107769
2016-06-25 00:01:00,2.5470607201309297
2016-06-26 00:01:00,1.3666792607802865
2016-06-27 00:01:00,0.7722348101265786
2016-06-28 00:01:00,4.190099311701078
2016-06-29 00:01:00,2.51078947885939
2016-06-30 00:01:00,0.4707306856187284
2016-07-01 00:01:00,0.6368939195509815
2016-07-02 00:01:00,1.704547039473684
2016-07-03 00:01:00,1.9461003846153844
2016-07-04 00:01:00,0.8181789575289579
2016-07-05 00:01:00,3.830106677796329
2016-07-06 00:01:00,-3.3658240875912395
2016-07-07 00:01:00,1.3786277217741931
2016-07-08 00:01:00,2.079421361256543
2016-07-09 00:01:00,2.3156310023310027
2016-07-10 00:01:00,6.2607587991718425
2016-07-11 00:01:00,-2.9300628465804093
2016-07-12 00:01:00,0.1535589795918369
2016-07-13 00:01:00,3.388753280318092
2016-07-14 00:01:00,2.0284219758064537
2016-07-15 00:01:00,3.6967442827442856
2016-07-16 00:01:00,5.425448735955052
2016-07-17 00:01:00,0.5055886973180069
2016-07-18 00:01:00,0.4412483979763907
2016-07-19 00:01:00,0.6601089855072472
2016-07-20 00:01:00,3.959391826923079
2016-07-21 00:01:00,1.066897076023393
2016-07-22 00:01:00,-2.9582097249508816
2016-07-23 00:01:00,-0.1953195773081203
2016-07-24 00:01:00,-0.09753502722323
2016-07-25 00:01:00,-1.6920229129662523
2016-07-26 00:01:00,3.802113786591124
2016-07-27 00:01:00,1.7492566189624328
2016-07-28 00:01:00,5.127733460076046
2016-07-29 00:01:00,1.918990080971659
2016-07-30 00:01:00,1.679361239368164
2016-07-31 00:01:00,0.2179446564885498
2016-08-01 00:01:00,5.308213883677295
2016-08-02 00:01:00,-0.5718997979797972
2016-08-03 00:01:00,3.637678370221322
2016-08-04 00:01:00,0.5760007028112447
2016-08-05 00:01:00,0.2300988396624468
2016-08-06 00:01:00,1.5185288860103647
2016-08-07 00:01:00,3.472224330357144
2016-08-08 00:01:00,0.0562359026369175
2016-08-09 00:01:00,5.772825841476662
2016-08-10 00:01:00,1.7277313993174062
2016-08-11 00:01:00,-0.7238297777777775
2016-08-12 00:01:00,2.880421428571429
2016-08-13 00:01:00,-0.2336241525423727
2016-08-14 00:01:00,2.136406485355648
2016-08-15 00:01:00,1.7730788973384033
2016-08-16 00:01:00,0.2283739934711652
2016-08-17 00:01:00,0.6535052959501553
2016-08-18 00:01:00,2.4046446854663763
2016-08-19 00:01:00,-1.884293458980045
2016-08-20 00:01:00,2.7891270780856434
2016-08-21 00:01:00,-0.984845528455285
2016-08-22 00:01:00,3.666150537634403
2016-08-23 00:01:00,3.7796577049180367
2016-08-24 00:01:00,3.849104822834644
2016-08-25 00:01:00,-3.246796183953033
2016-08-26 00:01:00,-2.3831197768762653
2016-08-27 00:01:00,1.7325658510638282
2016-08-28 00:01:00,-0.2169300366300367
2016-08-29 00:01:00,5.199101893287443
2016-08-30 00:01:00,-1.9673234683281409
2016-08-31 00:01:00,1.735561074458059
2016-09-01 00:01:00,-1.8846341165413496
2016-09-02 00:01:00,0.683950814956856
2016-09-03 00:01:00,2.0809160975609755
2016-09-04 00:01:00,6.559373516949149
2016-09-05 00:01:00,5.778572267206474
2016-09-06 00:01:00,-1.069623652694612
2016-09-07 00:01:00,0.9784197543500516
2016-09-08 00:01:00,0.5072734939759042
2016-09-09 00:01:00,2.1407783484390746
2016-09-10 00:01:00,-0.2068847697756814
2016-09-11 00:01:00,0.7643608786610877
2016-09-12 00:01:00,2.5021550274223068
2016-09-13 00:01:00,3.905526914660831
2016-09-14 00:01:00,5.367956363636359
2016-09-15 00:01:00,-1.1221998902305164
2016-09-16 00:01:00,0.461689423076924
2016-09-17 00:01:00,1.284001670644389
2016-09-18 00:01:00,1.6322560546874998
2016-09-19 00:01:00,-2.161967190569742
2016-09-20 00:01:00,0.2475328389830504
2016-09-21 00:01:00,4.529874716981135
2016-09-22 00:01:00,0.5227988394584109
2016-09-23 00:01:00,1.2129371401151627
2016-09-24 00:01:00,3.339620866590648
2016-09-25 00:01:00,2.833704606525915
2016-09-26 00:01:00,3.345231118881117
2016-09-27 00:01:00,2.4719688728024787
2016-09-28 00:01:00,7.608545686900964
2016-09-29 00:01:00,-0.293984549763033
2016-09-30 00:01:00,3.9627643737166354
2016-10-01 00:01:00,-1.2164796839729095
2016-10-02 00:01:00,-0.4747207619047623
2016-10-03 00:01:00,4.834362436548222
2016-10-04 00:01:00,1.7907571428571445
2016-10-05 00:01:00,-2.199480493033222
2016-10-06 00:01:00,4.627887056367436
2016-10-07 00:01:00,0.6226588764044938
2016-10-08 00:01:00,2.5635923283983857
2016-10-09 00:01:00,4.10725611814346
2016-10-10 00:01:00,-4.639100967117991
2016-10-11 00:01:00,4.568702325581396
2016-10-12 00:01:00,2.0391244875943904
2016-10-13 00:01:00,1.78069534883721
2016-10-14 00:01:00,-2.139085765124558
2016-10-15 00:01:00,7.584771087533156
2016-10-16 00:01:00,-1.4022794117647055
2016-10-17 00:01:00,7.370008548387103
2016-10-18 00:01:00,-2.7728760191846504
2016-10-19 00:01:00,-1.4103197396963123
2016-10-20 00:01:00,0.7811430672268902
2016-10-21 00:01:00,0.0967758389261742
2016-10-22 00:01:00,2.76753135483871
2016-10-23 00:01:00,-4.82444341846758
2016-10-24 00:01:00,6.711277651515154
2016-10-25 00:01:00,-0.3831860859728499
2016-10-26 00:01:00,-0.5096147181628395
2016-10-27 00:01:00,1.596750403690887
2016-10-28 00:01:00,1.3894300110741953
2016-10-29 00:01:00,2.244643790849674
2016-10-30 00:01:00,0.886830107526882
2016-10-31 00:01:00,0.4623666666666673
2016-11-01 00:01:00,5.305108038976854
2016-11-02 00:01:00,-2.7118549280177207
2016-11-03 00:01:00,7.91466489028213
2016-11-04 00:01:00,2.565515030674846
2016-11-05 00:01:00,2.9221353253652063
2016-11-06 00:01:00,3.874786639676113
2016-11-07 00:01:00,2.5979858657243806
2016-11-08 00:01:00,2.2488073464912284
2016-11-09 00:01:00,2.211527653359297
2016-11-10 00:01:00,2.353172625698325
2016-11-11 00:01:00,-6.494088083416084
2016-11-12 00:01:00,-1.567481280193239
2016-11-13 00:01:00,1.0035250478011462
2016-11-14 00:01:00,0.9487632142857144
2016-11-15 00:01:00,1.952977469990764
2016-11-16 00:01:00,0.4193965658217497
2016-11-17 00:01:00,1.7827681498829029
2016-11-18 00:01:00,10.859593452844894
2016-11-19 00:01:00,1.0633476939203357
2016-11-20 00:01:00,1.3715653136531358
2016-11-21 00:01:00,9.66370426229508
2016-11-22 00:01:00,-0.1762243809523812
2016-11-23 00:01:00,1.134582919563058
2016-11-24 00:01:00,-0.2221565064478307
2016-11-25 00:01:00,3.708785016835017
2016-11-26 00:01:00,2.974077951635845
2016-11-27 00:01:00,9.492322203672792
2016-11-28 00:01:00,1.6356089529590283
2016-11-29 00:01:00,1.2562178000000013
2016-11-30 00:01:00,-0.5075396825396828
2016-12-01 00:01:00,0.48952238372093
2016-12-02 00:01:00,4.471044549763033
2016-12-03 00:01:00,-1.1818834008097168
2016-12-04 00:01:00,-2.441873752012879
2016-12-05 00:01:00,-7.574418879999992
2016-12-06 00:01:00,9.208514822134386
2016-12-07 00:01:00,1.5473012025901942
2016-12-08 00:01:00,0.6212340793489316
2016-12-09 00:01:00,3.4983822702702683
2016-12-10 00:01:00,3.253135558408216
2016-12-11 00:01:00,0.8955085714285713
2016-12-12 00:01:00,0.611427731092436
2016-12-13 00:01:00,-0.2264128260869561
2016-12-14 00:01:00,1.530513685239492
2016-12-15 00:01:00,-0.1695594475138124
2016-12-16 00:01:00,-0.5814142180094799
2016-12-17 00:01:00,10.064723903508776
2016-12-18 00:01:00,8.972951459293395
2016-12-19 00:01:00,-9.393059543230011
2016-12-20 00:01:00,1.6907685890834188
2016-12-21 00:01:00,1.6029858299595132
2016-12-22 00:01:00,-5.169086022610485
2016-12-23 00:01:00,1.6660634871794897
2016-12-24 00:01:00,-5.857586142857143
2016-12-25 00:01:00,3.046906009615385
2016-12-26 00:01:00,11.413029629629646
2016-12-27 00:01:00,1.5529888290713327
2016-12-28 00:01:00,1.878017047817048
2016-12-29 00:01:00,1.0271604105571837
2016-12-30 00:01:00,6.894088252149
2016-12-31 00:01:00,2.339289081632652
2017-01-01 00:01:00,13.134155577689246
2017-01-02 00:01:00,2.703062692307693
2017-01-03 00:01:00,8.283386251342645
2017-01-04 00:01:00,-0.5044166402535639
2017-01-05 00:01:00,1.1838506899055925
2017-01-06 00:01:00,0.5577945691527878
2017-01-07 00:01:00,-0.3018379194630867
2017-01-08 00:01:00,-6.23434651457542
2017-01-09 00:01:00,-2.3238945843828738
2017-01-10 00:01:00,2.081355052005943
2017-01-11 00:01:00,1.6765707569721118
2017-01-12 00:01:00,3.9210436514522846
2017-01-13 00:01:00,2.228146178600158
2017-01-14 00:01:00,0.2891363723608431
2017-01-15 00:01:00,-8.549525190839692
2017-01-16 00:01:00,0.9376839779005524
2017-01-17 00:01:00,1.288908897876642
2017-01-18 00:01:00,3.770255183946488
2017-01-19 00:01:00,6.060446883230908
2017-01-20 00:01:00,2.919398135198134
2017-01-21 00:01:00,1.7243549491211847
2017-01-22 00:01:00,1.597545288753799
2017-01-23 00:01:00,-0.1439334140435835
2017-01-24 00:01:00,9.221495440494593
2017-01-25 00:01:00,1.9094412903225808
2017-01-26 00:01:00,-2.7114404897959186
2017-01-27 00:01:00,2.3647719802793725
2017-01-28 00:01:00,2.9230794967381195
2017-01-29 00:01:00,1.0682021917808218
2017-01-30 00:01:00,1.0647580000000034
2017-01-31 00:01:00,0.971954505169867
2017-02-01 00:01:00,1.8707591116917013
2017-02-02 00:01:00,1.9308721471471464
2017-02-03 00:01:00,-3.04770785185185
2017-02-04 00:01:00,1.1714053753475429
2017-02-05 00:01:00,0.3286530864197529
2017-02-06 00:01:00,-1.538925749318801
2017-02-07 00:01:00,8.434455204317674
2017-02-08 00:01:00,3.064480294802171
2017-02-09 00:01:00,0.2374965542521992
2017-02-10 00:01:00,3.580202086330947
2017-02-11 00:01:00,0.9570539049236
2017-02-12 00:01:00,5.873631880108986
2017-02-13 00:01:00,-0.6728498117942281
2017-02-14 00:01:00,2.2815301224489777
2017-02-15 00:01:00,1.0719640067911729
2017-02-16 00:01:00,8.787634493670874
2017-02-17 00:01:00,2.947138209219857
2017-02-18 00:01:00,2.3257808167141487
2017-02-19 00:01:00,3.166188904899136
2017-02-20 00:01:00,-0.7480403614457822
2017-02-21 00:01:00,0.2682863911290324
2017-02-22 00:01:00,4.047371203776553
2017-02-23 00:01:00,0.4760231360491938
2017-02-24 00:01:00,0.3884524218750002
2017-02-25 00:01:00,3.96215890151515
2017-02-26 00:01:00,4.997306259097527
2017-02-27 00:01:00,-0.6627955983493796
2017-02-28 00:01:00,-0.1633319563522994
2017-03-01 00:01:00,7.87459737237237
2017-03-02 00:01:00,10.415390387374469
2017-03-03 00:01:00,5.9814657206870825
2017-03-04 00:01:00,7.04692917431193
2017-03-05 00:01:00,-5.510806362378976
2017-03-06 00:01:00,-0.7279793103448281
2017-03-07 00:01:00,6.3829292483660085
2017-03-08 00:01:00,2.0231278169014097
2017-03-09 00:01:00,3.3467050538525247
2017-03-10 00:01:00,4.423082491856682
2017-03-11 00:01:00,-2.5673469101123603
2017-03-12 00:01:00,9.197827580893682
2017-03-13 00:01:00,-6.458623374613
2017-03-14 00:01:00,1.6583223829787226
2017-03-15 00:01:00,5.090300252525253
2017-03-16 00:01:00,2.885034849715677
2017-03-17 00:01:00,1.261959906103286
2017-03-18 00:01:00,13.217029162132755
2017-03-19 00:01:00,0.311756515151515
2017-03-20 00:01:00,4.687320728291323
2017-03-21 00:01:00,0.2401862007168459
2017-03-22 00:01:00,-0.8370255749770006
2017-03-23 00:01:00,2.5788653393665184
2017-03-24 00:01:00,-0.09071780104712
2017-03-25 00:01:00,1.1192503211991576
2017-03-26 00:01:00,8.45834893964111
2017-03-27 00:01:00,3.909513843888067
2017-03-28 00:01:00,1.3413849868305532
2017-03-29 00:01:00,1.819240414041404
2017-03-30 00:01:00,0.768596739130434
2017-03-31 00:01:00,13.565412201591515
2017-04-01 00:01:00,1.651174551214361
2017-04-02 00:01:00,8.362321486268183
2017-04-03 00:01:00,3.5873272972972914
2017-04-04 00:01:00,3.582253565217392
2017-04-05 00:01:00,4.4393270713699735
2017-04-06 00:01:00,9.970842227564086
2017-04-07 00:01:00,10.104019237434994
2017-04-08 00:01:00,-1.3163658835546466
2017-04-09 00:01:00,1.446243379790942
2017-04-10 00:01:00,3.0099544323483687
2017-04-11 00:01:00,3.747139245929736
2017-04-12 00:01:00,10.805545454545456
2017-04-13 00:01:00,3.1685332103321024
2017-04-14 00:01:00,0.9792774193548388
2017-04-15 00:01:00,2.164320115606938
2017-04-16 00:01:00,3.355527153558052
2017-04-17 00:01:00,9.722786656200949
2017-04-18 00:01:00,-5.102118157661646
2017-04-19 00:01:00,0.399664061172472
2017-04-20 00:01:00,1.6371714676390163
2017-04-21 00:01:00,7.921267608120041
2017-04-22 00:01:00,1.8602269714285704
2017-04-23 00:01:00,0.9063994818652829
2017-04-24 00:01:00,1.239462648556877
2017-04-25 00:01:00,2.694856954887221
2017-04-26 00:01:00,-5.749981186572989
2017-04-27 00:01:00,-4.456237421383645
2017-04-28 00:01:00,1.0478928767123283
2017-04-29 00:01:00,0.7955214355948865
2017-04-30 00:01:00,2.10326093023256
2017-05-01 00:01:00,3.39413645833334
2017-05-02 00:01:00,0.6886361041141895
2017-05-03 00:01:00,1.2687818587360593
2017-05-04 00:01:00,-0.6544261728395061
2017-05-05 00:01:00,1.5921437275985648
2017-05-06 00:01:00,1.9628263374485604
2017-05-07 00:01:00,-2.36869407294833
2017-05-08 00:01:00,8.524839783491204
2017-05-09 00:01:00,1.5266684684684688
2017-05-10 00:01:00,0.8163520481927716
2017-05-11 00:01:00,6.484338037307388
2017-05-12 00:01:00,3.592786956521737
2017-05-13 00:01:00,1.570386546184739
2017-05-14 00:01:00,2.336472425828969
2017-05-15 00:01:00,12.555169027777763
2017-05-16 00:01:00,6.193826813590444
2017-05-17 00:01:00,3.2674365284974085
2017-05-18 00:01:00,0.986984270578647
2017-05-19 00:01:00,-3.289791423185673
2017-05-20 00:01:00,-0.5153421538461538
2017-05-21 00:01:00,-1.0699818770226546
2017-05-22 00:01:00,0.8547488126649083
2017-05-23 00:01:00,0.1694241224122406
2017-05-24 00:01:00,1.6828638648180223
2017-05-25 00:01:00,1.2875181153533723
2017-05-26 00:01:00,-3.16723260663507
2017-05-27 00:01:00,17.51673419078242
2017-05-28 00:01:00,2.989630612244898
2017-05-29 00:01:00,8.337723985239851
2017-05-30 00:01:00,2.4969252702702693
2017-05-31 00:01:00,3.926784595070423
2017-06-01 00:01:00,3.2252791811846704
2017-06-02 00:01:00,-0.7768082089552243
2017-06-03 00:01:00,4.214378361981804
2017-06-04 00:01:00,1.1390984251968503
2017-06-05 00:01:00,-2.0191134529148
2017-06-06 00:01:00,4.587082305630027
2017-06-07 00:01:00,3.638947520288545
2017-06-08 00:01:00,0.5918163034001738
2017-06-09 00:01:00,-7.530512834224597
2017-06-10 00:01:00,-1.483431360946745
2017-06-11 00:01:00,1.8264377850162856
2017-06-12 00:01:00,1.492955732946299
2017-06-13 00:01:00,0.5805708614864861
2017-06-14 00:01:00,-6.0896101562499965
2017-06-15 00:01:00,3.725801960784316
2017-06-16 00:01:00,-1.7702602484472063
2017-06-17 00:01:00,-2.0077123605947933
2017-06-18 00:01:00,1.5179062602965412
2017-06-19 00:01:00,19.49443835021708
2017-06-20 00:01:00,-3.0615640560593564
2017-06-21 00:01:00,1.4343287321830454
2017-06-22 00:01:00,6.485425177584846
2017-06-23 00:01:00,0.7828936026936023
2017-06-24 00:01:00,1.5614013986013973
2017-06-25 00:01:00,1.8668534142640365
2017-06-26 00:01:00,2.338756016597508
2017-06-27 00:01:00,2.823205995203837
2017-06-28 00:01:00,1.467361047463176
2017-06-29 00:01:00,1.0097055598455584
2017-06-30 00:01:00,1.6324495057034225
2017-07-01 00:01:00,2.008086844809865
2017-07-02 00:01:00,1.6187942470389172
2017-07-03 00:01:00,5.502781031866455
2017-07-04 00:01:00,-2.024198651252407
2017-07-05 00:01:00,2.4909635182998864
2017-07-06 00:01:00,-2.498711713836479
2017-07-07 00:01:00,-0.5511124561403512
2017-07-08 00:01:00,3.0698972477064213
2017-07-09 00:01:00,3.26559628482972
2017-07-10 00:01:00,6.650794421768708
2017-07-11 00:01:00,0.9648404362416104
2017-07-12 00:01:00,0.9041745016611288
2017-07-13 00:01:00,-3.5122099540581937
2017-07-14 00:01:00,6.242281493248612
2017-07-15 00:01:00,-13.23113895993181
2017-07-16 00:01:00,1.1550852103120768
2017-07-17 00:01:00,-1.2713868831168846
2017-07-18 00:01:00,0.1258060096153853
2017-07-19 00:01:00,1.0340828655834564
2017-07-20 00:01:00,3.861567215686282
2017-07-21 00:01:00,2.316987318563788
2017-07-22 00:01:00,20.7970352833638
2017-07-23 00:01:00,1.0589214697406335
2017-07-24 00:01:00,8.436420643431642
2017-07-25 00:01:00,-1.2130939534883745
2017-07-26 00:01:00,0.1797130906274223
2017-07-27 00:01:00,-2.411609103840683
2017-07-28 00:01:00,1.014497107736804
2017-07-29 00:01:00,1.2194551724137928
2017-07-30 00:01:00,3.0320533145275075
2017-07-31 00:01:00,1.2824946902654866
2017-08-01 00:01:00,4.5024205226748695
2017-08-02 00:01:00,-5.305898895434464
2017-08-03 00:01:00,3.632275693430656
2017-08-04 00:01:00,3.694852467729689
2017-08-05 00:01:00,-7.653243923749004
2017-08-06 00:01:00,3.0080537777777794
2017-08-07 00:01:00,2.335030206896551
2017-08-08 00:01:00,4.482001230516821
2017-08-09 00:01:00,0.0808180929095355
2017-08-10 00:01:00,9.164237352245868
2017-08-11 00:01:00,1.8160915929203565
2017-08-12 00:01:00,2.49495394265233
2017-08-13 00:01:00,6.5525114613180495
2017-08-14 00:01:00,3.634235669586981
2017-08-15 00:01:00,5.117540346729709
2017-08-16 00:01:00,0.8551586264656608
2017-08-17 00:01:00,4.102570854700854
2017-08-18 00:01:00,-1.470974978127735
2017-08-19 00:01:00,-3.381243977055456
2017-08-20 00:01:00,1.3286920212765947
2017-08-21 00:01:00,-0.1122714899713468
2017-08-22 00:01:00,0.3178515625000001
2017-08-23 00:01:00,8.533624979253098
2017-08-24 00:01:00,0.4471617928633598
2017-08-25 00:01:00,3.022435574468083
2017-08-26 00:01:00,3.106189157894737
2017-08-27 00:01:00,-7.604909191759109
2017-08-28 00:01:00,10.22375021897811
2017-08-29 00:01:00,4.578641306436123
2017-08-30 00:01:00,-0.3707272241992874
2017-08-31 00:01:00,2.899590701606089
2017-09-01 00:01:00,3.6762095446584975
2017-09-02 00:01:00,8.419360488798365
2017-09-03 00:01:00,-0.0376098901098899
2017-09-04 00:01:00,2.0494303496503488
2017-09-05 00:01:00,1.2851116359447003
2017-09-06 00:01:00,1.5569898377455174
2017-09-07 00:01:00,-5.62124700176367
2017-09-08 00:01:00,5.084083059636992
2017-09-09 00:01:00,3.9021790190735706
2017-09-10 00:01:00,7.085329658792648
2017-09-11 00:01:00,0.7436250296559911
2017-09-12 00:01:00,1.810955155482812
2017-09-13 00:01:00,1.0434708832335324
2017-09-14 00:01:00,-1.0829148092744931
2017-09-15 00:01:00,3.7881563984674336
2017-09-16 00:01:00,1.817631607006854
2017-09-17 00:01:00,-0.1754917929292928
2017-09-18 00:01:00,-2.5345522155688625
2017-09-19 00:01:00,-0.701971947449768
2017-09-20 00:01:00,0.5601717530163234
2017-09-21 00:01:00,44.42961483479432
2017-09-22 00:01:00,-2.147383754789273
2017-09-23 00:01:00,0.2299464450600186
2017-09-24 00:01:00,4.427359848484848
2017-09-25 00:01:00,10.691844195953124
2017-09-26 00:01:00,8.336803301540716
2017-09-27 00:01:00,-0.4685862188365661
2017-09-28 00:01:00,0.9805844520547944
2017-09-29 00:01:00,0.553923262839879
2017-09-30 00:01:00,0.817052351916376
2017-10-01 00:01:00,8.743494351732991
2017-10-02 00:01:00,37.91414531963469
2017-10-03 00:01:00,1.4315208978328178
2017-10-04 00:01:00,3.1331359477124168
2017-10-05 00:01:00,-2.000522206200432
2017-10-06 00:01:00,0.0002132089552239
2017-10-07 00:01:00,-0.959150913621262
2017-10-08 00:01:00,4.049729861849099
2017-10-09 00:01:00,-0.4023233526011559
2017-10-10 00:01:00,1.1005538666666677
2017-10-11 00:01:00,0.4357541469993263
2017-10-12 00:01:00,3.519227018012009
2017-10-13 00:01:00,1.8926088835534207
2017-10-14 00:01:00,-0.9488436879432636
2017-10-15 00:01:00,-0.7592152486187842
2017-10-16 00:01:00,1.3404815352697084
2017-10-17 00:01:00,0.0138959442332067
2017-10-18 00:01:00,1.1367309417040363
2017-10-19 00:01:00,1.989956095890411
2017-10-20 00:01:00,1.0032061901252745
2017-10-21 00:01:00,1.0338482475764357
2017-10-22 00:01:00,3.6203385201305744
2017-10-23 00:01:00,-0.1428917879417878
2017-10-24 00:01:00,3.755606818181824
2017-10-25 00:01:00,1.1399482189973624
2017-10-26 00:01:00,-1.3866008971704633
2017-10-27 00:01:00,0.1993263678312462
2017-10-28 00:01:00,0.6350818247646632
2017-10-29 00:01:00,3.640628170731707
2017-10-30 00:01:00,-0.7187254745254732
2017-10-31 00:01:00,0.3895080368906445
2017-11-01 00:01:00,4.137508669755128
2017-11-02 00:01:00,1.9114526699029104
2017-11-03 00:01:00,-1.266932752808987
2017-11-04 00:01:00,3.277195385629529
2017-11-05 00:01:00,-1.274299392712551
2017-11-06 00:01:00,6.431936290322582
2017-11-07 00:01:00,1.7732870129870135
2017-11-08 00:01:00,-4.717170343137262
2017-11-09 00:01:00,3.2248993281075045
2017-11-10 00:01:00,-4.271167037724179
2017-11-11 00:01:00,0.5229488298545217
2017-11-12 00:01:00,5.536814264705885
2017-11-13 00:01:00,1.005539999999998
2017-11-14 00:01:00,5.64445372750643
2017-11-15 00:01:00,2.1796465883668885
2017-11-16 00:01:00,-2.3546274602239268
2017-11-17 00:01:00,0.2911841296928325
2017-11-18 00:01:00,-1.980538441039304
2017-11-19 00:01:00,-7.54363187372709
2017-11-20 00:01:00,2.221259411239965
2017-11-21 00:01:00,-5.404976467331115
2017-11-22 00:01:00,1.7594973249857693
2017-11-23 00:01:00,0.9715529709228826
2017-11-24 00:01:00,0.2508296478296479
2017-11-25 00:01:00,7.297739843749994
2017-11-26 00:01:00,1.7513425675675651
2017-11-27 00:01:00,0.7702559695817485
2017-11-28 00:01:00,-0.146019102244388
2017-11-29 00:01:00,3.679194778481013
2017-11-30 00:01:00,0.1499752374491177
2017-12-01 00:01:00,1.3028517730496425
2017-12-02 00:01:00,-0.6184077076081557
2017-12-03 00:01:00,0.2306526700804687
2017-12-04 00:01:00,-0.400813129879346
2017-12-05 00:01:00,2.676092069279855
2017-12-06 00:01:00,-3.5472409859154883
2017-12-07 00:01:00,-0.3734578904991943
2017-12-08 00:01:00,2.8278117741935542
2017-12-09 00:01:00,0.6978826329113922
2017-12-10 00:01:00,4.3879073849879004
2017-12-11 00:01:00,0.8532475437605872
2017-12-12 00:01:00,4.595235779398361
2017-12-13 00:01:00,0.8605004278990167
2017-12-14 00:01:00,3.019567626217897
2017-12-15 00:01:00,2.300944968704862
2017-12-16 00:01:00,1.6748475363941728
2017-12-17 00:01:00,2.970309132161089
2017-12-18 00:01:00,0.3097593645484947
2017-12-19 00:01:00,5.959408890845067
2017-12-20 00:01:00,1.7443129330254077
2017-12-21 00:01:00,3.23307603738318
2017-12-22 00:01:00,-1.6559420269802816
2017-12-23 00:01:00,0.7366380119136249
2017-12-24 00:01:00,6.0868204268292665
2017-12-25 00:01:00,6.134156442577023
2017-12-26 00:01:00,3.168710265924553
2017-12-27 00:01:00,5.510151547491998
2017-12-28 00:01:00,0.4673301065308005
2017-12-29 00:01:00,5.1580711939636
2017-12-30 00:01:00,-0.5663905322656625
2017-12-31 00:01:00,-3.9205452991452927
2018-01-01 00:01:00,0.9152276169265036
2018-01-02 00:01:00,-7.51678669001751
2018-01-03 00:01:00,-0.2233629515757136
2018-01-04 00:01:00,-1.5509754464285714
2018-01-05 00:01:00,0.9944082659808932
2018-01-06 00:01:00,4.152236395027626
2018-01-07 00:01:00,-1.5706307359307354
2018-01-08 00:01:00,1.637217834394908
2018-01-09 00:01:00,2.403396451822913
2018-01-10 00:01:00,0.7143089102124743
2018-01-11 00:01:00,-0.414222715105163
2018-01-12 00:01:00,1.5266449221645664
2018-01-13 00:01:00,5.386851888974559
2018-01-14 00:01:00,0.8897258337481321
2018-01-15 00:01:00,1.7729261334691782
2018-01-16 00:01:00,-0.2632088602496983
2018-01-17 00:01:00,-0.6054140284360218
2018-01-18 00:01:00,-0.60569512987013
2018-01-19 00:01:00,1.6235182077393062
2018-01-20 00:01:00,7.991084010840106
2018-01-21 00:01:00,0.4225029066171918
2018-01-22 00:01:00,2.6434856269113145
2018-01-23 00:01:00,5.414254011461318
2018-01-24 00:01:00,4.03452573991032
2018-01-25 00:01:00,4.997456288659789
2018-01-26 00:01:00,2.8887069679849366
2018-01-27 00:01:00,1.7409954505686784
2018-01-28 00:01:00,6.37925109622413
2018-01-29 00:01:00,0.738009903121635
2018-01-30 00:01:00,-0.7429199848312477
2018-01-31 00:01:00,2.0832672165672164
2018-02-01 00:01:00,0.3118603953406288
2018-02-02 00:01:00,2.5073822301923694
2018-02-03 00:01:00,3.9847107476635473
2018-02-04 00:01:00,1.8600355402542368
2018-02-05 00:01:00,0.4203603271983636
2018-02-06 00:01:00,-0.3514618385889896
2018-02-07 00:01:00,-4.424386842105261
2018-02-08 00:01:00,-1.776763178855905
2018-02-09 00:01:00,1.9533200579290373
2018-02-10 00:01:00,1.863605659640904
2018-02-11 00:01:00,3.877059848073796
2018-02-12 00:01:00,0.911478510744628
2018-02-13 00:01:00,1.5564889594916584
2018-02-14 00:01:00,4.222534442662387
2018-02-15 00:01:00,0.4581734949179044
2018-02-16 00:01:00,2.703406058190516
2018-02-17 00:01:00,4.294791419725796
2018-02-18 00:01:00,2.137942618223759
2018-02-19 00:01:00,3.412920867655134
2018-02-20 00:01:00,0.7136751214771618
2018-02-21 00:01:00,1.1598539893617006
2018-02-22 00:01:00,1.024078586632609
2018-02-23 00:01:00,1.558507573696145
2018-02-24 00:01:00,4.704059726156738
2018-02-25 00:01:00,2.054636351071185
2018-02-26 00:01:00,0.3755854868340474
2018-02-27 00:01:00,0.6220620499788221
2018-02-28 00:01:00,1.7637772878535771
2018-03-01 00:01:00,9.476241142191162
2018-03-02 00:01:00,0.8686763440860226
2018-03-03 00:01:00,3.197667115652576
2018-03-04 00:01:00,3.7732359217545968
2018-03-05 00:01:00,5.713720636792445
2018-03-06 00:01:00,0.5094023408624234
2018-03-07 00:01:00,0.9671326954397396
2018-03-08 00:01:00,-0.8953918689788035
2018-03-09 00:01:00,-13.051054882154874
2018-03-10 00:01:00,2.718585436473642
2018-03-11 00:01:00,1.908352508591068
2018-03-12 00:01:00,4.599081409295361
2018-03-13 00:01:00,2.6031867799419834
2018-03-14 00:01:00,0.7333843111690568
2018-03-15 00:01:00,1.6387377732793522
2018-03-16 00:01:00,4.905321574468088
2018-03-17 00:01:00,0.9206079393939384
2018-03-18 00:01:00,7.42804718030182
2018-03-19 00:01:00,9.78682738619676
2018-03-20 00:01:00,6.379578595806925
2018-03-21 00:01:00,-0.0345946206896537
2018-03-22 00:01:00,1.2273021922428342
2018-03-23 00:01:00,3.194142570281125
2018-03-24 00:01:00,1.8629663873370537
2018-03-25 00:01:00,3.1808938493434646
2018-03-26 00:01:00,2.3141163696369627
2018-03-27 00:01:00,3.806279768786127
2018-03-28 00:01:00,-1.069928142802886
2018-03-29 00:01:00,0.7103916078722617
2018-03-30 00:01:00,2.325275052061644
2018-03-31 00:01:00,2.4640869662921365
2018-04-01 00:01:00,4.362529790026248
2018-04-02 00:01:00,3.912998045397233
2018-04-03 00:01:00,1.463330552096306
2018-04-04 00:01:00,1.3293465076660984
2018-04-05 00:01:00,9.253663048780496
2018-04-06 00:01:00,11.210598373287684
2018-04-07 00:01:00,2.790591720930233
2018-04-08 00:01:00,1.3902487772637129
2018-04-09 00:01:00,-0.3716377027903972
2018-04-10 00:01:00,-0.8317143094151829
2018-04-11 00:01:00,-0.0114932195975496
2018-04-12 00:01:00,2.90171579689704
2018-04-13 00:01:00,-3.6011527790752016
2018-04-14 00:01:00,3.16037118301315
2018-04-15 00:01:00,1.5447350609756096
2018-04-16 00:01:00,2.132621999999998
2018-04-17 00:01:00,-0.3504540552016987
2018-04-18 00:01:00,7.678980891980354
2018-04-19 00:01:00,2.264445905474968
2018-04-20 00:01:00,1.710116063138348
2018-04-21 00:01:00,7.631747174701905
2018-04-22 00:01:00,4.994741095890417
2018-04-23 00:01:00,0.9889823166552436
2018-04-24 00:01:00,2.216969658536586
2018-04-25 00:01:00,0.9004512854030503
2018-04-26 00:01:00,0.4603874434957337
2018-04-27 00:01:00,3.1601722656250035
2018-04-28 00:01:00,3.5005722400857464
2018-04-29 00:01:00,-0.5157377147124721
2018-04-30 00:01:00,2.444728126944617
2018-05-01 00:01:00,4.816334335368715
2018-05-02 00:01:00,0.9777995812005594
2018-05-03 00:01:00,1.2938112608695669
2018-05-04 00:01:00,0.5446391517857148
2018-05-05 00:01:00,1.503792061143985
2018-05-06 00:01:00,-1.3753464389534862
2018-05-07 00:01:00,3.389223457583549
2018-05-08 00:01:00,0.218114349775785
2018-05-09 00:01:00,2.65114620505992
2018-05-10 00:01:00,1.2148211754537606
2018-05-11 00:01:00,1.7631611387257102
2018-05-12 00:01:00,0.5144719541328243
2018-05-13 00:01:00,5.433265399737881
2018-05-14 00:01:00,2.3023803084223022
2018-05-15 00:01:00,2.0092056367432165
2018-05-16 00:01:00,1.7114719874100723
2018-05-17 00:01:00,-0.2621411426040732
2018-05-18 00:01:00,4.093578067266704
2018-05-19 00:01:00,1.752557023809524
2018-05-20 00:01:00,1.28549046434494
2018-05-21 00:01:00,-7.089418490566048
2018-05-22 00:01:00,5.577493776722096
2018-05-23 00:01:00,2.6500415298184965
2018-05-24 00:01:00,2.273887541946309
2018-05-25 00:01:00,1.3350028673835128
2018-05-26 00:01:00,1.957178671133444
2018-05-27 00:01:00,3.1071884742951883
2018-05-28 00:01:00,2.383921543859652
2018-05-29 00:01:00,4.385538042848874
2018-05-30 00:01:00,4.369689282153544
2018-05-31 00:01:00,3.787913722826086
2018-06-01 00:01:00,0.5729004016064257
2018-06-02 00:01:00,1.245138714574896
2018-06-03 00:01:00,0.9671110335195524
2018-06-04 00:01:00,0.4995777777777763
2018-06-05 00:01:00,3.780075873311609
2018-06-06 00:01:00,0.1696976137870089
2018-06-07 00:01:00,18.16892902040812
2018-06-08 00:01:00,0.3235625053625053
2018-06-09 00:01:00,3.477328730964475
2018-06-10 00:01:00,-1.5188905126243313
2018-06-11 00:01:00,-2.8308469738652047
2018-06-12 00:01:00,3.712310936757016
2018-06-13 00:01:00,1.3457927695004337
2018-06-14 00:01:00,0.9480611814345964
2018-06-15 00:01:00,2.375842453240541
2018-06-16 00:01:00,1.601324170403588
2018-06-17 00:01:00,0.5985601047904185
2018-06-18 00:01:00,2.864025996080997
2018-06-19 00:01:00,6.186973054360591
2018-06-20 00:01:00,2.2078239794041896
2018-06-21 00:01:00,-0.0042102646351223
2018-06-22 00:01:00,1.7673608530083786
2018-06-23 00:01:00,2.4658934988713352
2018-06-24 00:01:00,4.187740270618556
2018-06-25 00:01:00,2.541691856492025
2018-06-26 00:01:00,1.0402450092764357
2018-06-27 00:01:00,4.084956720536072
2018-06-28 00:01:00,5.3462825647249135
2018-06-29 00:01:00,2.29973054263566
2018-06-30 00:01:00,1.364543503325944
2018-07-01 00:01:00,1.928710824742268
2018-07-02 00:01:00,1.3392732421874989
2018-07-03 00:01:00,2.3305883785025308
2018-07-04 00:01:00,0.8483429680365271
2018-07-05 00:01:00,3.7680500872600367
2018-07-06 00:01:00,-0.8889421973094205
2018-07-07 00:01:00,0.335983576287658
2018-07-08 00:01:00,3.40372412060302
2018-07-09 00:01:00,0.1853881660899654
2018-07-10 00:01:00,3.3849883898305126
2018-07-11 00:01:00,2.0759059631059658
2018-07-12 00:01:00,1.0863913943856405
2018-07-13 00:01:00,-7.497805570409965
2018-07-14 00:01:00,4.918923285714286
2018-07-15 00:01:00,0.022060875420873
2018-07-16 00:01:00,7.991941722745626
2018-07-17 00:01:00,1.240687142857144
2018-07-18 00:01:00,1.4643788200339571
2018-07-19 00:01:00,6.037145884861407
2018-07-20 00:01:00,4.079462208800689
2018-07-21 00:01:00,-0.1153502196193262
2018-07-22 00:01:00,8.618955043685471
2018-07-23 00:01:00,2.57740617626648
2018-07-24 00:01:00,-16.353942824601376
2018-07-25 00:01:00,2.0332748041775432
2018-07-26 00:01:00,-2.8956193803786654
2018-07-27 00:01:00,2.46052323723515
2018-07-28 00:01:00,0.6871967571949718
2018-07-29 00:01:00,0.6524593446601936
2018-07-30 00:01:00,5.9148774352651055
2018-07-31 00:01:00,0.1842522022213709
2018-08-01 00:01:00,2.078415817694365
2018-08-02 00:01:00,1.233828577494694
2018-08-03 00:01:00,-0.5883738821562897
2018-08-04 00:01:00,2.12247012195122
2018-08-05 00:01:00,1.4009476128188336
2018-08-06 00:01:00,7.50385780752071
2018-08-07 00:01:00,3.5123091557669466
2018-08-08 00:01:00,4.610868526466382
2018-08-09 00:01:00,6.245246509009022
2018-08-10 00:01:00,2.25664239883339
2018-08-11 00:01:00,2.814719971936396
2018-08-12 00:01:00,-0.8414067988668547
2018-08-13 00:01:00,1.2323511097019657
2018-08-14 00:01:00,2.845200774293463
2018-08-15 00:01:00,3.078562219451372
2018-08-16 00:01:00,-0.5139820553994365
2018-08-17 00:01:00,4.526163468158346
2018-08-18 00:01:00,2.030050532184492
2018-08-19 00:01:00,3.795073240525908
2018-08-20 00:01:00,-0.4753419078947374
2018-08-21 00:01:00,3.152751705910626
2018-08-22 00:01:00,3.266710244988867
2018-08-23 00:01:00,0.5535590072742818
2018-08-24 00:01:00,2.7798123451327448
2018-08-25 00:01:00,2.491835424187726
2018-08-26 00:01:00,0.896176923076924
2018-08-27 00:01:00,-0.1054314906832305
2018-08-28 00:01:00,2.95576391875747
2018-08-29 00:01:00,0.9550421730382298
2018-08-30 00:01:00,2.4678408389394537
2018-08-31 00:01:00,5.898806958105648
2018-09-01 00:01:00,1.7585902764537653
2018-09-02 00:01:00,2.88195251017639
2018-09-03 00:01:00,3.922273780487812
2018-09-04 00:01:00,-0.1807467000455168
2018-09-05 00:01:00,2.7880046548448383
2018-09-06 00:01:00,-2.127967432216903
2018-09-07 00:01:00,2.74082857606228
2018-09-08 00:01:00,6.172589442815247
2018-09-09 00:01:00,2.710345865102639
2018-09-10 00:01:00,6.621496422935291
2018-09-11 00:01:00,1.2775580925861498
2018-09-12 00:01:00,2.270681376374605
2018-09-13 00:01:00,0.8824866248348793
2018-09-14 00:01:00,2.6185526207605325
2018-09-15 00:01:00,-0.7722312780269066
2018-09-16 00:01:00,1.4357986762272454
2018-09-17 00:01:00,0.8378579760717849
2018-09-18 00:01:00,-0.7242455933379588
2018-09-19 00:01:00,0.1676517868338567
2018-09-20 00:01:00,2.953010321384426
2018-09-21 00:01:00,1.4313867547534698
2018-09-22 00:01:00,3.8678468993687343
2018-09-23 00:01:00,4.782012480739599
2018-09-24 00:01:00,5.556763111545985
2018-09-25 00:01:00,2.2953380591878902
2018-09-26 00:01:00,1.700174903225804
2018-09-27 00:01:00,2.5657052524567927
2018-09-28 00:01:00,1.6282628124999965
2018-09-29 00:01:00,1.619772724149777
2018-09-30 00:01:00,-1.115767097107437
2018-10-01 00:01:00,5.585159548872178
2018-10-02 00:01:00,-0.5674430868167188
2018-10-03 00:01:00,1.2572857093545031
2018-10-04 00:01:00,1.7868220516399196
2018-10-05 00:01:00,2.2114668670674664
2018-10-06 00:01:00,2.220892508643874
2018-10-07 00:01:00,4.850751036269424
2018-10-08 00:01:00,1.1767808489135911
2018-10-09 00:01:00,0.8190705862977604
2018-10-10 00:01:00,3.0529501515661868
2018-10-11 00:01:00,0.630228870648174
2018-10-12 00:01:00,1.119702432938241
2018-10-13 00:01:00,1.022440488656195
2018-10-14 00:01:00,3.319936725206615
2018-10-15 00:01:00,4.44301599056603
2018-10-16 00:01:00,-0.8929782512626284
2018-10-17 00:01:00,2.4216110729881484
2018-10-18 00:01:00,-0.5442005893909614
2018-10-19 00:01:00,4.873162724599808
2018-10-20 00:01:00,0.7019335358906176
2018-10-21 00:01:00,6.076307533539737
2018-10-22 00:01:00,-1.8008821827411166
2018-10-23 00:01:00,0.3005438105117564
2018-10-24 00:01:00,3.620718458669988
2018-10-25 00:01:00,4.925718285547099
2018-10-26 00:01:00,0.8716912941176441
2018-10-27 00:01:00,5.6021241960784325
2018-10-28 00:01:00,0.9039720092915212
2018-10-29 00:01:00,3.95896640706127
2018-10-30 00:01:00,0.1970763642234419
2018-10-31 00:01:00,-1.5197556433037205
2018-11-01 00:01:00,-2.205607808737536
2018-11-02 00:01:00,0.162076476719944
2018-11-03 00:01:00,-0.2675986296155312
2018-11-04 00:01:00,1.5376110629067217
2018-11-05 00:01:00,-1.8857230266230685
2018-11-06 00:01:00,-0.1038659083074815
2018-11-07 00:01:00,2.822856568946797
2018-11-08 00:01:00,2.454534178106308
2018-11-09 00:01:00,3.2158479511143057
2018-11-10 00:01:00,1.0125627915726123
2018-11-11 00:01:00,3.280758560000008
2018-11-12 00:01:00,2.738711105698977
2018-11-13 00:01:00,3.300602610114189
2018-11-14 00:01:00,-0.2312595429674934
2018-11-15 00:01:00,-0.7737436988027742
2018-11-16 00:01:00,0.0464232781456956
2018-11-17 00:01:00,3.2162876968143546
2018-11-18 00:01:00,5.460481142177276
2018-11-19 00:01:00,2.235286375455018
2018-11-20 00:01:00,0.9615823994726428
2018-11-21 00:01:00,4.75689766064555
2018-11-22 00:01:00,5.411541885359117
2018-11-23 00:01:00,3.8159776978417312
2018-11-24 00:01:00,-1.024863100081369
2018-11-25 00:01:00,0.6590450571286623
2018-11-26 00:01:00,1.6696214088397765
2018-11-27 00:01:00,-2.4057570592286472
2018-11-28 00:01:00,5.143251486486487
2018-11-29 00:01:00,-0.2304002251527825
2018-11-30 00:01:00,1.9081726748377816
2018-12-01 00:01:00,0.9987518316445814
2018-12-02 00:01:00,8.506114933058706
2018-12-03 00:01:00,2.668572467166971
2018-12-04 00:01:00,1.3778649407783408
2018-12-05 00:01:00,1.876141904761908
2018-12-06 00:01:00,-2.044952724196272
2018-12-07 00:01:00,-0.4638868635131061
2018-12-08 00:01:00,11.305683345921471
2018-12-09 00:01:00,2.762714378698225
2018-12-10 00:01:00,3.551562760131439
2018-12-11 00:01:00,-1.5204952996053038
2018-12-12 00:01:00,-0.4831257004496702
2018-12-13 00:01:00,2.135327757891309
2018-12-14 00:01:00,0.5029830309139777
2018-12-15 00:01:00,1.4290323667711593
2018-12-16 00:01:00,3.144800111111114
2018-12-17 00:01:00,2.655431500824629
2018-12-18 00:01:00,2.9112203963964
2018-12-19 00:01:00,6.311879724338048
2018-12-20 00:01:00,1.6271915924474492
2018-12-21 00:01:00,5.357266844741233
2018-12-22 00:01:00,2.505517391304348
2018-12-23 00:01:00,3.91993956043956
2018-12-24 00:01:00,1.2077505099302206
2018-12-25 00:01:00,4.622950985324948
2018-12-26 00:01:00,13.229516829143158
2018-12-27 00:01:00,-1.5570445664966668
2018-12-28 00:01:00,0.0606465958284141
2018-12-29 00:01:00,5.533636474547755
2018-12-30 00:01:00,4.28235770065076
2018-12-31 00:01:00,2.9301913385826786
2019-01-01 00:01:00,1.405464321608037
2019-01-02 00:01:00,6.857244456521738
2019-01-03 00:01:00,-4.475841615798921
2019-01-04 00:01:00,0.267536662153013
2019-01-05 00:01:00,4.700548233908949
2019-01-06 00:01:00,-3.2103539753639354
2019-01-07 00:01:00,13.166036230309617
2019-01-08 00:01:00,3.5363446767324827
2019-01-09 00:01:00,5.418018594551916
2019-01-10 00:01:00,3.540614215870633
2019-01-11 00:01:00,3.291718540361216
2019-01-12 00:01:00,0.0955861574253612
2019-01-13 00:01:00,1.0100704194260477
2019-01-14 00:01:00,5.418061330851565
2019-01-15 00:01:00,0.8388922427275588
2019-01-16 00:01:00,-0.0680358595800531
2019-01-17 00:01:00,-1.7949821726091306
2019-01-18 00:01:00,0.0371997122762149
2019-01-19 00:01:00,3.307240347414133
2019-01-20 00:01:00,4.453396051856218
2019-01-21 00:01:00,8.543723055708767
2019-01-22 00:01:00,-0.1623129622266398
2019-01-23 00:01:00,-6.097456013240148
2019-01-24 00:01:00,2.9507956140350897
2019-01-25 00:01:00,3.593256386788699
2019-01-26 00:01:00,2.7260591916558017
2019-01-27 00:01:00,8.05865153846153
2019-01-28 00:01:00,1.214005215928209
2019-01-29 00:01:00,6.192919978708295
2019-01-30 00:01:00,5.299832864357864
2019-01-31 00:01:00,3.294027703916634
2019-02-01 00:01:00,3.17588658892128
2019-02-02 00:01:00,-1.569393833333334
2019-02-03 00:01:00,14.02851204961608
2019-02-04 00:01:00,1.1410715155203848
2019-02-05 00:01:00,1.6210080808080818
2019-02-06 00:01:00,1.603146211835661
2019-02-07 00:01:00,3.2253876737381164
2019-02-08 00:01:00,-2.802811298798804
2019-02-09 00:01:00,-0.4532357467935464
2019-02-10 00:01:00,1.6434326276463267
2019-02-11 00:01:00,1.245647739283615
2019-02-12 00:01:00,11.419721854304631
2019-02-13 00:01:00,3.047189088944904
2019-02-14 00:01:00,-1.972466376811597
2019-02-15 00:01:00,5.079664376130208
2019-02-16 00:01:00,2.7566303098170963
2019-02-17 00:01:00,2.092616123688572
2019-02-18 00:01:00,5.518041702586212
2019-02-19 00:01:00,2.2960769416499014
2019-02-20 00:01:00,0.3740735358711559
2019-02-21 00:01:00,0.483718663257851
2019-02-22 00:01:00,3.9758526722925422
2019-02-23 00:01:00,-0.819908784313725
2019-02-24 00:01:00,6.131883650385604
2019-02-25 00:01:00,2.042958432304042
2019-02-26 00:01:00,2.9365322666666693
2019-02-27 00:01:00,-0.5044707442258315
2019-02-28 00:01:00,0.2167172833934999
2019-03-01 00:01:00,1.343792556053811
2019-03-02 00:01:00,4.237802162162159
2019-03-03 00:01:00,1.9220138566552925
2019-03-04 00:01:00,6.231975228161681
2019-03-05 00:01:00,1.5738798955613575
2019-03-06 00:01:00,5.418357442164986
2019-03-07 00:01:00,5.948008755186723
2019-03-08 00:01:00,9.012075545104745
2019-03-09 00:01:00,3.192998791102511
2019-03-10 00:01:00,4.88701199722607
2019-03-11 00:01:00,5.655107671601616
2019-03-12 00:01:00,2.3652722605694563
2019-03-13 00:01:00,1.4484367763431902
2019-03-14 00:01:00,3.419800265839612
2019-03-15 00:01:00,1.219885619761799
2019-03-16 00:01:00,6.379860848366644
2019-03-17 00:01:00,-1.5667144852941208
2019-03-18 00:01:00,8.274650996563576
2019-03-19 00:01:00,7.969981912681918
2019-03-20 00:01:00,2.9004088259441785
2019-03-21 00:01:00,-0.9482262782900264
2019-03-22 00:01:00,1.8601087600507829
2019-03-23 00:01:00,-0.516531888111886
2019-03-24 00:01:00,-1.137578081232491
2019-03-25 00:01:00,3.035264717477005
2019-03-26 00:01:00,0.964287588210876
2019-03-27 00:01:00,5.513173850085172
2019-03-28 00:01:00,3.044079703389832
2019-03-29 00:01:00,4.635287409493145
2019-03-30 00:01:00,1.5707307030129112
2019-03-31 00:01:00,-1.4938587908269654
2019-04-01 00:01:00,1.3283280267558508
2019-04-02 00:01:00,50.002866600397645
2019-04-03 00:01:00,-2.2552232295719814
2019-04-04 00:01:00,2.9942326229508187
2019-04-05 00:01:00,0.0771550081433225
2019-04-06 00:01:00,7.272091232342912
2019-04-07 00:01:00,-0.2737238184079608
2019-04-08 00:01:00,5.399210790094353
2019-04-09 00:01:00,7.173833503735744
2019-04-10 00:01:00,4.022879624336465
2019-04-11 00:01:00,4.98433982832618
2019-04-12 00:01:00,-0.6641780434782585
2019-04-13 00:01:00,-6.250485030218485
2019-04-14 00:01:00,6.9353882562277445
2019-04-15 00:01:00,4.959272691552065
2019-04-16 00:01:00,-1.088706326034065
2019-04-17 00:01:00,6.25455553852052
2019-04-18 00:01:00,2.735592500000001
2019-04-19 00:01:00,0.1170066108417802
2019-04-20 00:01:00,2.851181236673773
2019-04-21 00:01:00,9.76249291277259
2019-04-22 00:01:00,1.399532705882354
2019-04-23 00:01:00,0.341087108827651
2019-04-24 00:01:00,3.536097066014665
2019-04-25 00:01:00,3.8026239690721577
2019-04-26 00:01:00,8.531228866396784
2019-04-27 00:01:00,1.915951467051472
2019-04-28 00:01:00,-0.29591056388294
2019-04-29 00:01:00,3.6147965610249466
2019-04-30 00:01:00,1.8168081255771025
2019-05-01 00:01:00,2.54125008650519
2019-05-02 00:01:00,1.1139942307692323
2019-05-03 00:01:00,-0.5171404208680404
2019-05-04 00:01:00,2.9082342458934787
2019-05-05 00:01:00,3.3989765069551785
2019-05-06 00:01:00,1.0538363384188634
2019-05-07 00:01:00,-5.8755603448276
2019-05-08 00:01:00,4.249532670060158
2019-05-09 00:01:00,1.791442422825065
2019-05-10 00:01:00,-3.780861499540018
2019-05-11 00:01:00,2.235281859756096
2019-05-12 00:01:00,2.0576469387755085
2019-05-13 00:01:00,-4.359267925925927
2019-05-14 00:01:00,1.7156568514412378
2019-05-15 00:01:00,4.159552933450082
2019-05-16 00:01:00,16.108482005253947
2019-05-17 00:01:00,1.090529584694352
2019-05-18 00:01:00,-1.0085877039627034
2019-05-19 00:01:00,9.298465620437948
2019-05-20 00:01:00,-2.228605543398979
2019-05-21 00:01:00,10.605723123732268
2019-05-22 00:01:00,0.8262361713379169
2019-05-23 00:01:00,2.6915961704422853
2019-05-24 00:01:00,-2.8116867067833664
2019-05-25 00:01:00,4.377720790816334
2019-05-26 00:01:00,-0.2363164192949894
2019-05-27 00:01:00,0.7859440662373502
2019-05-28 00:01:00,1.6930269905533084
2019-05-29 00:01:00,1.0337670138888868
2019-05-30 00:01:00,2.7632990666666744
2019-05-31 00:01:00,-0.9594677674418608
2019-06-01 00:01:00,2.9768426679745
2019-06-02 00:01:00,3.213585912240187
2019-06-03 00:01:00,4.60117844891872
2019-06-04 00:01:00,1.188425723622781
2019-06-05 00:01:00,-5.0049420240963824
2019-06-06 00:01:00,-7.0669413742690015
2019-06-07 00:01:00,15.373063636363636
2019-06-08 00:01:00,2.3155836400818064
2019-06-09 00:01:00,5.987383551554827
2019-06-10 00:01:00,0.6966223134839149
2019-06-11 00:01:00,4.104510232368531
2019-06-12 00:01:00,2.343205639828859
2019-06-13 00:01:00,3.106285882815572
2019-06-14 00:01:00,2.205888741438354
2019-06-15 00:01:00,6.748968631090499
2019-06-16 00:01:00,0.446193633217994
2019-06-17 00:01:00,2.454648699763598
2019-06-18 00:01:00,2.2574727891156483
2019-06-19 00:01:00,5.469928332063975
2019-06-20 00:01:00,8.557919120613168
2019-06-21 00:01:00,1.1734832086450548
2019-06-22 00:01:00,1.8957891566265044
2019-06-23 00:01:00,-0.5922788869764778
2019-06-24 00:01:00,0.6907202906976737
2019-06-25 00:01:00,-3.2738615514333955
2019-06-26 00:01:00,-0.1913768806616738
2019-06-27 00:01:00,0.7986888319296965
2019-06-28 00:01:00,4.844487788018428
2019-06-29 00:01:00,3.830263648648653
2019-06-30 00:01:00,1.5759385139318864
2019-07-01 00:01:00,1.5220573831775692
2019-07-02 00:01:00,10.169032545090186
2019-07-03 00:01:00,3.4029294346978576
2019-07-04 00:01:00,5.039039533011277
2019-07-05 00:01:00,1.6499826572008085
2019-07-06 00:01:00,6.180516871455592
2019-07-07 00:01:00,1.747487791063563
2019-07-08 00:01:00,1.9018925342813664
2019-07-09 00:01:00,2.4260794666666685
2019-07-10 00:01:00,1.1074327488855833
2019-07-11 00:01:00,-0.9333626634958452
2019-07-12 00:01:00,0.4965263074484983
2019-07-13 00:01:00,11.359354924491102
2019-07-14 00:01:00,-0.2599535535117052
2019-07-15 00:01:00,0.9670642885453824
2019-07-16 00:01:00,2.3644230387596976
2019-07-17 00:01:00,1.4821168740955133
2019-07-18 00:01:00,1.4634961949685548
2019-07-19 00:01:00,1.3393011552837235
2019-07-20 00:01:00,-1.2063820907617508
2019-07-21 00:01:00,3.962471410338228
2019-07-22 00:01:00,3.548958588548603
2019-07-23 00:01:00,3.109746346644009
2019-07-24 00:01:00,1.397326457399101
2019-07-25 00:01:00,-8.665908093889113
2019-07-26 00:01:00,-2.648613533834591
2019-07-27 00:01:00,1.0264876020408165
2019-07-28 00:01:00,2.310832856066319
2019-07-29 00:01:00,9.982043970588238
2019-07-30 00:01:00,-2.1636308115543343
2019-07-31 00:01:00,5.977806783816921
2019-08-01 00:01:00,-2.1921591393442608
2019-08-02 00:01:00,5.492023522683949
2019-08-03 00:01:00,6.761625596630809
2019-08-04 00:01:00,1.005891395663956
2019-08-05 00:01:00,-5.32908645627875
2019-08-06 00:01:00,-1.743914957105554
2019-08-07 00:01:00,-3.1732047250509083
2019-08-08 00:01:00,4.586225767586473
2019-08-09 00:01:00,3.881901815372727
2019-08-10 00:01:00,0.4850843906891832
2019-08-11 00:01:00,8.865889110957953
2019-08-12 00:01:00,2.294425278323509
2019-08-13 00:01:00,2.355760108153078
2019-08-14 00:01:00,-4.166477760127085
2019-08-15 00:01:00,-0.6911057905686514
2019-08-16 00:01:00,5.667691014914513
2019-08-17 00:01:00,2.742644632963987
2019-08-18 00:01:00,3.521173303457108
2019-08-19 00:01:00,2.7381446619217096
2019-08-20 00:01:00,0.5730620083681996
2019-08-21 00:01:00,3.228024221593202
2019-08-22 00:01:00,1.52366105906314
2019-08-23 00:01:00,-1.894457805724186
2019-08-24 00:01:00,12.466412744265106
2019-08-25 00:01:00,8.811379249448132
2019-08-26 00:01:00,10.75659523809525
2019-08-27 00:01:00,8.60577496774194
2019-08-28 00:01:00,2.795436107660462
2019-08-29 00:01:00,0.1881563598326345
2019-08-30 00:01:00,6.659281266726137
2019-08-31 00:01:00,-0.895311063829786
2019-09-01 00:01:00,-1.6305353658536597
2019-09-02 00:01:00,-0.7270869269949055
2019-09-03 00:01:00,3.841176274165203
2019-09-04 00:01:00,3.0292314244465914
2019-09-05 00:01:00,-1.785553452325038
2019-09-06 00:01:00,5.944146063730103
2019-09-07 00:01:00,-3.665047732067513
2019-09-08 00:01:00,1.2022431654676264
2019-09-09 00:01:00,3.9228849805447545
2019-09-10 00:01:00,-1.6822062176165813
2019-09-11 00:01:00,-5.163612657091565
2019-09-12 00:01:00,5.760619209809264
2019-09-13 00:01:00,2.816374389097747
2019-09-14 00:01:00,6.31036591657519
2019-09-15 00:01:00,6.197069047619043
2019-09-16 00:01:00,-6.575594624396961
2019-09-17 00:01:00,-0.7861507485029938
2019-09-18 00:01:00,-1.1106848455125116
2019-09-19 00:01:00,-0.2393047434656365
2019-09-20 00:01:00,2.345844591937069
2019-09-21 00:01:00,6.568021049723758
2019-09-22 00:01:00,1.5839749377593348
2019-09-23 00:01:00,7.534050688073399
2019-09-24 00:01:00,1.9700272727272723
2019-09-25 00:01:00,-4.230828076410475
2019-09-26 00:01:00,3.16736969111969
2019-09-27 00:01:00,13.67356496663492
2019-09-28 00:01:00,10.028448654244285
2019-09-29 00:01:00,-5.554750981932446
2019-09-30 00:01:00,3.577699116347561
2019-10-01 00:01:00,1.397067277992278
2019-10-02 00:01:00,4.375231985294123
2019-10-03 00:01:00,-2.096949070294791
2019-10-04 00:01:00,5.567822556390982
2019-10-05 00:01:00,4.549890260777011
2019-10-06 00:01:00,-0.0199374310480696
2019-10-07 00:01:00,-0.7891169254658398
2019-10-08 00:01:00,-2.178158116232466
2019-10-09 00:01:00,5.933664910630286
2019-10-10 00:01:00,-1.3237110569897712
2019-10-11 00:01:00,-2.205831361550228
2019-10-12 00:01:00,0.8604945299145298
2019-10-13 00:01:00,3.497349610389604
2019-10-14 00:01:00,2.04864792387543
2019-10-15 00:01:00,-4.519986041189933
2019-10-16 00:01:00,0.6704753400354818
2019-10-17 00:01:00,2.38066336104513
2019-10-18 00:01:00,3.767437750000005
2019-10-19 00:01:00,2.936500611413048
2019-10-20 00:01:00,1.315817469879518
2019-10-21 00:01:00,-1.85874402566159
2019-10-22 00:01:00,-0.9792152023692025
2019-10-23 00:01:00,1.0614986348122868
2019-10-24 00:01:00,4.591831831683162
2019-10-25 00:01:00,13.24886479642502
2019-10-26 00:01:00,7.080423910733265
2019-10-27 00:01:00,-2.117287632221319
2019-10-28 00:01:00,-4.374634227642275
2019-10-29 00:01:00,-1.365122902603665
2019-10-30 00:01:00,9.655363748225286
2019-10-31 00:01:00,-5.479823914104446
2019-11-01 00:01:00,2.2164453613808
2019-11-02 00:01:00,3.11521541373716
2019-11-03 00:01:00,1.7628643724696345
2019-11-04 00:01:00,-0.255638446215139
2019-11-05 00:01:00,-2.436070378619151
2019-11-06 00:01:00,1.9980947521865893
2019-11-07 00:01:00,5.450387383367144
2019-11-08 00:01:00,7.178831263664192
2019-11-09 00:01:00,7.399273713033958
2019-11-10 00:01:00,6.562626463700225
2019-11-11 00:01:00,4.657111037037041
2019-11-12 00:01:00,0.6938714139344264
2019-11-13 00:01:00,3.2976120304568526
2019-11-14 00:01:00,3.543531776600874
2019-11-15 00:01:00,18.163017116682763
2019-11-16 00:01:00,2.249682697474477
2019-11-17 00:01:00,3.392442728758166
2019-11-18 00:01:00,5.157205216095382
2019-11-19 00:01:00,-3.984748644501279
2019-11-20 00:01:00,8.157558397932817
2019-11-21 00:01:00,6.868343789144058
2019-11-22 00:01:00,2.859743250259604
2019-11-23 00:01:00,11.0772964606742
2019-11-24 00:01:00,16.14867095914743
2019-11-25 00:01:00,11.937022072451562
2019-11-26 00:01:00,2.155449946524062
2019-11-27 00:01:00,4.937372018089307
2019-11-28 00:01:00,3.7891557559681712
2019-11-29 00:01:00,-0.4836723239436615
2019-11-30 00:01:00,-0.6415075049374591
2019-12-01 00:01:00,6.986721670266385
2019-12-02 00:01:00,2.2544902133922
2019-12-03 00:01:00,2.2883084406294683
2019-12-04 00:01:00,0.0733706987951829
2019-12-05 00:01:00,2.710903387259858
2019-12-06 00:01:00,0.0466509452736321
2019-12-07 00:01:00,-1.0423284987277377
2019-12-08 00:01:00,-2.992500944138467
2019-12-09 00:01:00,1.3102656591099924
2019-12-10 00:01:00,0.2632414394765517
2019-12-11 00:01:00,3.5785321183306933
2019-12-12 00:01:00,5.139417374080365
2019-12-13 00:01:00,8.453924449339205
2019-12-14 00:01:00,0.0886485644471613
2019-12-15 00:01:00,-9.553739327883743
2019-12-16 00:01:00,4.904530998389696
2019-12-17 00:01:00,-4.5829079683377385
2019-12-18 00:01:00,-1.073255810234543
2019-12-19 00:01:00,2.6912051196438487
2019-12-20 00:01:00,2.9740386644220047
2019-12-21 00:01:00,3.8367944892473087
2019-12-22 00:01:00,-2.5406962264150943
2019-12-23 00:01:00,8.221080925401315
2019-12-24 00:01:00,2.041672191323689
2019-12-25 00:01:00,1.1753941794664509
2019-12-26 00:01:00,6.929364735264738
2019-12-27 00:01:00,8.811690856031133
2019-12-28 00:01:00,15.46777444794954
2019-12-29 00:01:00,2.1954849514563106
2019-12-30 00:01:00,1.7793430489731443
2019-12-31 00:01:00,4.607893095512089
2020-01-01 00:01:00,-24.59930085959885
2020-01-02 00:01:00,4.852345317840061
2020-01-03 00:01:00,2.8288748430493267
2020-01-04 00:01:00,6.783255877862596
2020-01-05 00:01:00,-1.5348981268011586
2020-01-06 00:01:00,-8.929471852387849
2020-01-07 00:01:00,0.49197957149975
2020-01-08 00:01:00,13.46370031803724
2020-01-09 00:01:00,-5.730428061882245
2020-01-10 00:01:00,1.633535720448661
2020-01-11 00:01:00,-1.2886711659409762
2020-01-12 00:01:00,0.0251481535119468
2020-01-13 00:01:00,2.578155417529328
2020-01-14 00:01:00,5.240949014778321
2020-01-15 00:01:00,6.888840847860539
2020-01-16 00:01:00,2.3313728316326547
2020-01-17 00:01:00,-3.00581724716744
2020-01-18 00:01:00,1.4989209129017234
2020-01-19 00:01:00,-0.1777174470814618
2020-01-20 00:01:00,-0.3424553582363752
2020-01-21 00:01:00,6.620871262626257
2020-01-22 00:01:00,6.023065686686271
2020-01-23 00:01:00,-5.196706128133712
2020-01-24 00:01:00,0.6798192222713241
2020-01-25 00:01:00,3.4453653024911057
2020-01-26 00:01:00,-3.3442011882426423
2020-01-27 00:01:00,5.075134447144596
2020-01-28 00:01:00,8.015254182117854
2020-01-29 00:01:00,4.373767414760459
2020-01-30 00:01:00,3.579009228497598
2020-01-31 00:01:00,-1.0010587057010785
2020-02-01 00:01:00,5.7687727238239646
2020-02-02 00:01:00,9.78501199767036
2020-02-03 00:01:00,13.99629617453676
2020-02-04 00:01:00,15.71655554272518
2020-02-05 00:01:00,2.7582755957271963
2020-02-06 00:01:00,4.893280746561888
2020-02-07 00:01:00,-4.980277176552199
2020-02-08 00:01:00,-5.650479664570223
2020-02-09 00:01:00,1.4718652502910363
2020-02-10 00:01:00,16.161945494265474
2020-02-11 00:01:00,-0.4258608112874839
2020-02-12 00:01:00,3.0836910401963817
2020-02-13 00:01:00,2.1525703020134235
2020-02-14 00:01:00,3.139706851785077
2020-02-15 00:01:00,6.492070712296066
2020-02-16 00:01:00,4.98258179049938
2020-02-17 00:01:00,8.831508479067308
2020-02-18 00:01:00,6.452061281464532
2020-02-19 00:01:00,0.5932757891510877
2020-02-20 00:01:00,-2.031771846153837
2020-02-21 00:01:00,0.7890647547797172
2020-02-22 00:01:00,6.490357748344386
2020-02-23 00:01:00,6.395535411899314
2020-02-24 00:01:00,9.542780396357797
2020-02-25 00:01:00,3.720886321525888
2020-02-26 00:01:00,7.826616844286572
2020-02-27 00:01:00,7.53538456029792
2020-02-28 00:01:00,-9.624116540563278
2020-02-29 00:01:00,15.458888695444749
2020-03-01 00:01:00,5.136706311637087
2020-03-02 00:01:00,1.901568425228084
2020-03-03 00:01:00,-1.0381127600902458
2020-03-04 00:01:00,16.853955041551217
2020-03-05 00:01:00,8.875258731676235
2020-03-06 00:01:00,4.965728339504416
2020-03-07 00:01:00,7.867555213946113
2020-03-08 00:01:00,3.258755371509701
2020-03-09 00:01:00,12.304336988612407
2020-03-10 00:01:00,6.9135447229829445
2020-03-11 00:01:00,10.032799349112407
2020-03-12 00:01:00,-14.460471034311324
2020-03-13 00:01:00,10.30223834065558
2020-03-14 00:01:00,1.7497824999999985
2020-03-15 00:01:00,2.323544687380126
2020-03-16 00:01:00,7.305668477751758
2020-03-17 00:01:00,18.735717128750355
2020-03-18 00:01:00,11.374319610476816
2020-03-19 00:01:00,4.7579256112469634
2020-03-20 00:01:00,7.282689184611658
2020-03-21 00:01:00,7.508125332270073
2020-03-22 00:01:00,9.89048746163964
2020-03-23 00:01:00,15.842564077669849
2020-03-24 00:01:00,-13.962079188982408
2020-03-25 00:01:00,22.59032864246636
2020-03-26 00:01:00,1.2554912990196108
2020-03-27 00:01:00,18.38297416449392
2020-03-28 00:01:00,-0.63330280373832
2020-03-29 00:01:00,1.7470021075268811
2020-03-30 00:01:00,-3.7451508246527743
2020-03-31 00:01:00,-10.664108692971688
2020-04-01 00:01:00,5.155416758578436
2020-04-02 00:01:00,1.4485560165975075
2020-04-03 00:01:00,1.046157858634044
2020-04-04 00:01:00,1.8309419624916283
2020-04-05 00:01:00,12.824077068062834
2020-04-06 00:01:00,-0.0529002355157793
2020-04-07 00:01:00,4.1236346407279685
2020-04-08 00:01:00,11.068821464646412
2020-04-09 00:01:00,-3.438259907834089
2020-04-10 00:01:00,21.94829285313894
2020-04-11 00:01:00,9.770277641653903
2020-04-12 00:01:00,7.198795016301812
2020-04-13 00:01:00,-0.6774316029143893
2020-04-14 00:01:00,18.513651527093515
2020-04-15 00:01:00,16.72327857341876
2020-04-16 00:01:00,3.657063122230914
2020-04-17 00:01:00,-11.97678104697988
2020-04-18 00:01:00,-4.266964062499984
2020-04-19 00:01:00,43.34182901668133
2020-04-20 00:01:00,22.482538295923003
2020-04-21 00:01:00,-1.802314741759673
2020-04-22 00:01:00,-10.255543931475044
2020-04-23 00:01:00,3.2409075007780928
2020-04-24 00:01:00,14.118352596069183
2020-04-25 00:01:00,13.376041003888275
2020-04-26 00:01:00,7.166779394240317
2020-04-27 00:01:00,5.389714761279022
2020-04-28 00:01:00,-0.6824371717810793
2020-04-29 00:01:00,4.589353695014651
2020-04-30 00:01:00,0.1152310598859316
2020-05-01 00:01:00,-0.233504931880109
2020-05-02 00:01:00,-0.9647297560007948
2020-05-03 00:01:00,-5.505252658884565
2020-05-04 00:01:00,7.673617753623189
2020-05-05 00:01:00,-0.8284527330173782
2020-05-06 00:01:00,23.08757586419744
2020-05-07 00:01:00,-1.1263777611493553
2020-05-08 00:01:00,1.6264538795599293
2020-05-09 00:01:00,-5.118588238974034
2020-05-10 00:01:00,4.678946317350465
2020-05-11 00:01:00,2.9556226065162927
2020-05-12 00:01:00,-9.46861675249922
2020-05-13 00:01:00,0.7093495121951232
2020-05-14 00:01:00,4.734445975323155
2020-05-15 00:01:00,-4.13632125035846
2020-05-16 00:01:00,14.890660146777272
2020-05-17 00:01:00,14.309682698094289
2020-05-18 00:01:00,-6.402938074917018
2020-05-19 00:01:00,-0.2512216833890645
2020-05-20 00:01:00,17.172392188892157
2020-05-21 00:01:00,4.629999676280163
2020-05-22 00:01:00,5.518578744257283
2020-05-23 00:01:00,-11.754795336787597
2020-05-24 00:01:00,2.864391008886565
2020-05-25 00:01:00,2.84677111834962
2020-05-26 00:01:00,14.599085104450491
2020-05-27 00:01:00,1.7594916330957555
2020-05-28 00:01:00,0.5984460693641607
2020-05-29 00:01:00,4.155951558325914
2020-05-30 00:01:00,3.459956943984085
2020-05-31 00:01:00,0.7368826111423794
2020-06-01 00:01:00,2.939279215486504
2020-06-02 00:01:00,10.243800828289263
2020-06-03 00:01:00,-2.526239364801864
2020-06-04 00:01:00,6.759794576355921
2020-06-05 00:01:00,0.2177611597633147
2020-06-06 00:01:00,-0.6706983004248946
2020-06-07 00:01:00,3.386399645030426
2020-06-08 00:01:00,5.020105665467633
2020-06-09 00:01:00,4.233512063111667
2020-06-10 00:01:00,-0.7266966974900885
2020-06-11 00:01:00,11.574145058872922
2020-06-12 00:01:00,2.003794374393792
2020-06-13 00:01:00,12.759535149934743
2020-06-14 00:01:00,11.111770008389271
2020-06-15 00:01:00,-9.784597206004976
2020-06-16 00:01:00,-1.7863104562737513
2020-06-17 00:01:00,9.515466198303274
2020-06-18 00:01:00,3.22665539177657
2020-06-19 00:01:00,7.873768705220061
2020-06-20 00:01:00,3.0659968426934894
2020-06-21 00:01:00,14.744721357780016
2020-06-22 00:01:00,11.794673042240165
2020-06-23 00:01:00,9.010735323383088
2020-06-24 00:01:00,13.778326384083032
2020-06-25 00:01:00,-2.077334591925652
2020-06-26 00:01:00,9.84495540141678
2020-06-27 00:01:00,16.553006908768797
2020-06-28 00:01:00,10.753927469758072
2020-06-29 00:01:00,-5.501089950495051
2020-06-30 00:01:00,1.7407235711870157
2020-07-01 00:01:00,9.292392372881356
2020-07-02 00:01:00,1.9696217665615217
2020-07-03 00:01:00,0.2759659893716783
2020-07-04 00:01:00,3.022694507575764
2020-07-05 00:01:00,1.896204433497536
2020-07-06 00:01:00,13.929264144411484
2020-07-07 00:01:00,17.135174659248925
2020-07-08 00:01:00,-3.2914049884881016
2020-07-09 00:01:00,1.218130308136734
2020-07-10 00:01:00,10.570957383177577
2020-07-11 00:01:00,7.045875495789203
2020-07-12 00:01:00,-0.682690617633189
2020-07-13 00:01:00,-0.2560979316167139
2020-07-14 00:01:00,4.354279959969979
2020-07-15 00:01:00,9.254510073206442
2020-07-16 00:01:00,36.71291038220182
2020-07-17 00:01:00,4.020051127342029
2020-07-18 00:01:00,23.65858000642877
2020-07-19 00:01:00,2.926616482359136
2020-07-20 00:01:00,2.869624398797594
2020-07-21 00:01:00,8.134107491556652
2020-07-22 00:01:00,9.472074725925898
2020-07-23 00:01:00,17.155433343567715
2020-07-24 00:01:00,1.0600479612789753
2020-07-25 00:01:00,4.60996843585238
2020-07-26 00:01:00,0.8524251851851843
2020-07-27 00:01:00,23.592388087934523
2020-07-28 00:01:00,2.0994456611570222
2020-07-29 00:01:00,4.645046031746036
2020-07-30 00:01:00,-2.587574668721111
2020-07-31 00:01:00,6.6013750796870605
2020-08-01 00:01:00,11.35670730210014
2020-08-02 00:01:00,1.1124420671834694
2020-08-03 00:01:00,6.1869821777570895
2020-08-04 00:01:00,-4.073202329291621
2020-08-05 00:01:00,2.7675114268440213
2020-08-06 00:01:00,-1.451274242887733
2020-08-07 00:01:00,-3.950267950272892
2020-08-08 00:01:00,-7.268419480519486
2020-08-09 00:01:00,3.520941710388246
2020-08-10 00:01:00,9.951181742126003
2020-08-11 00:01:00,7.105048347653684
2020-08-12 00:01:00,8.835494273264873
2020-08-13 00:01:00,3.2537724496426224
2020-08-14 00:01:00,0.7765549870466324
2020-08-15 00:01:00,9.692089501711727
2020-08-16 00:01:00,1.1971087404994702
2020-08-17 00:01:00,5.387723962165002
2020-08-18 00:01:00,8.469228650442481
2020-08-19 00:01:00,11.670481045751602
2020-08-20 00:01:00,3.3023457810320784
2020-08-21 00:01:00,-3.163738679245278
2020-08-22 00:01:00,17.058832853717046
2020-08-23 00:01:00,0.8999522691705798
2020-08-24 00:01:00,6.861295129533692
2020-08-25 00:01:00,1.7635367627785086
2020-08-26 00:01:00,0.3846757554706523
2020-08-27 00:01:00,12.392054559088182
2020-08-28 00:01:00,12.149691861198727
2020-08-29 00:01:00,18.86565098939929
2020-08-30 00:01:00,0.8597787475345174
2020-08-31 00:01:00,4.075786663479932
2020-09-01 00:01:00,19.171741166666603
2020-09-02 00:01:00,1.5250175537938833
2020-09-03 00:01:00,5.668647090244588
2020-09-04 00:01:00,23.18480352564097
2020-09-05 00:01:00,32.739174811320765
2020-09-06 00:01:00,19.716847683923707
2020-09-07 00:01:00,7.061468125770653
2020-09-08 00:01:00,-4.57569317829457
2020-09-09 00:01:00,6.895568085106401
2020-09-10 00:01:00,5.330469592920353
2020-09-11 00:01:00,-5.341773887884272
2020-09-12 00:01:00,4.113978268251271
2020-09-13 00:01:00,10.691780504991195
2020-09-14 00:01:00,17.091501422879897
2020-09-15 00:01:00,-3.813037873134321
2020-09-16 00:01:00,21.208267695099806
2020-09-17 00:01:00,17.967012117903895
2020-09-18 00:01:00,8.233681761252479
2020-09-19 00:01:00,20.748570487703184
2020-09-20 00:01:00,4.685801145767019
2020-09-21 00:01:00,6.124968725435143
2020-09-22 00:01:00,7.114491688408499
2020-09-23 00:01:00,2.83787388513514
2020-09-24 00:01:00,5.590788776249106
2020-09-25 00:01:00,-6.093143087082137
2020-09-26 00:01:00,14.934530150266648
2020-09-27 00:01:00,1.3609033684210514
2020-09-28 00:01:00,3.683080614087898
2020-09-29 00:01:00,11.093753494060117
2020-09-30 00:01:00,-13.777912440887606
2020-10-01 00:01:00,13.078947028055191
2020-10-02 00:01:00,12.919215203511593
2020-10-03 00:01:00,-10.768891552619156
2020-10-04 00:01:00,11.059914285714289
2020-10-05 00:01:00,10.077772162883845
2020-10-06 00:01:00,18.211612542372805
2020-10-07 00:01:00,-16.65380551594745
2020-10-08 00:01:00,11.428673111291642
2020-10-09 00:01:00,14.851426023510324
2020-10-10 00:01:00,12.974082658170236
2020-10-11 00:01:00,7.622216642120757
2020-10-12 00:01:00,10.601663424821004
2020-10-13 00:01:00,-5.477768760831899
2020-10-14 00:01:00,4.356067746228934
2020-10-15 00:01:00,0.8935097960815661
2020-10-16 00:01:00,16.126027465986358
2020-10-17 00:01:00,-8.265286705461055
2020-10-18 00:01:00,3.462907997265892
2020-10-19 00:01:00,7.550960066445177
2020-10-20 00:01:00,3.2125906708129737
2020-10-21 00:01:00,12.128770851433536
2020-10-22 00:01:00,3.424770983318702
2020-10-23 00:01:00,8.340448022079128
2020-10-24 00:01:00,6.456373663751217
2020-10-25 00:01:00,6.357262273361225
2020-10-26 00:01:00,-1.2677072077922067
2020-10-27 00:01:00,-2.9490814599193977
2020-10-28 00:01:00,16.98193751645462
2020-10-29 00:01:00,5.77987633587786
2020-10-30 00:01:00,4.964809770860353
2020-10-31 00:01:00,4.249416715257538
2020-11-01 00:01:00,10.037952865761708
2020-11-02 00:01:00,-3.5345128369704697
2020-11-03 00:01:00,0.7481794797687836
2020-11-04 00:01:00,1.0517510489510449
2020-11-05 00:01:00,15.28086152671755
2020-11-06 00:01:00,11.696809272404618
2020-11-07 00:01:00,0.808811690209451
2020-11-08 00:01:00,14.779259896602657
2020-11-09 00:01:00,4.717955081555838
2020-11-10 00:01:00,2.49948804381846
2020-11-11 00:01:00,-0.6458113708399369
2020-11-12 00:01:00,16.730537652173858
2020-11-13 00:01:00,11.34024734996104
2020-11-14 00:01:00,15.086462866865173
2020-11-15 00:01:00,-1.4459224983210204
2020-11-16 00:01:00,10.170499134948086
2020-11-17 00:01:00,5.484546982758623
2020-11-18 00:01:00,57.950708223844345
2020-11-19 00:01:00,1.9230366918103496
2020-11-20 00:01:00,12.604589944328472
2020-11-21 00:01:00,-13.07751877986035
2020-11-22 00:01:00,6.231358319421254
2020-11-23 00:01:00,4.633294569391111
2020-11-24 00:01:00,16.246472973728334
2020-11-25 00:01:00,6.561501028151786
2020-11-26 00:01:00,8.602372926829268
2020-11-27 00:01:00,23.516987129358057
2020-11-28 00:01:00,12.220625256115415
2020-11-29 00:01:00,6.193185137254901
2020-11-30 00:01:00,-2.0363313975155304
2020-12-01 00:01:00,3.0940527637212942
2020-12-02 00:01:00,7.662152893095238
2020-12-03 00:01:00,9.657184160649804
2020-12-04 00:01:00,2.6029192337164857
2020-12-05 00:01:00,28.155098441697987
2020-12-06 00:01:00,8.56404111024845
2020-12-07 00:01:00,6.590174312297732
2020-12-08 00:01:00,-0.4462118506493455
2020-12-09 00:01:00,14.65934329107866
2020-12-10 00:01:00,-2.828570915870416
2020-12-11 00:01:00,-2.8916997342545607
2020-12-12 00:01:00,3.5439869565217417
2020-12-13 00:01:00,3.324084933645592
2020-12-14 00:01:00,2.819578283026268
2020-12-15 00:01:00,2.2283810704960927
2020-12-16 00:01:00,10.513329608426822
2020-12-17 00:01:00,0.4570449494949478
2020-12-18 00:01:00,7.608994819557614
2020-12-19 00:01:00,9.797749911885608
2020-12-20 00:01:00,1.702155083884099
2020-12-21 00:01:00,2.0897609915198934
2020-12-22 00:01:00,9.802022670596177
2020-12-23 00:01:00,14.221130169412824
2020-12-24 00:01:00,5.641641050495939
2020-12-25 00:01:00,19.029678499234304
2020-12-26 00:01:00,18.879921103896105
2020-12-27 00:01:00,4.014103858636855
2020-12-28 00:01:00,2.963363488372089
2020-12-29 00:01:00,5.266698185291329
2020-12-30 00:01:00,8.124826544356708
2020-12-31 00:01:00,3.01091945784517
2021-01-01 00:01:00,5.3474279608192425
2021-01-02 00:01:00,4.062022406751976
2021-01-03 00:01:00,5.225114307068126
2021-01-04 00:01:00,10.755248718580606
2021-01-05 00:01:00,6.829225845974339
2021-01-06 00:01:00,-5.950353732849061
2021-01-07 00:01:00,2.4523673076923225
2021-01-08 00:01:00,2.9673138491295896
2021-01-09 00:01:00,4.441627041420123
2021-01-10 00:01:00,10.22136194552528
2021-01-11 00:01:00,18.67908654649945
2021-01-12 00:01:00,-5.927465577596296
2021-01-13 00:01:00,3.989785927927941
2021-01-14 00:01:00,9.828289716967689
2021-01-15 00:01:00,6.435587363369756
2021-01-16 00:01:00,2.926082339132841
2021-01-17 00:01:00,6.0984756173526105
2021-01-18 00:01:00,3.5942043945769107
2021-01-19 00:01:00,8.45060442260442
2021-01-20 00:01:00,7.549296816283884
2021-01-21 00:01:00,0.6317120028208679
2021-01-22 00:01:00,6.032567876588036
2021-01-23 00:01:00,3.513462830085585
2021-01-24 00:01:00,4.0455734560254974
2021-01-25 00:01:00,8.55248834301809
2021-01-26 00:01:00,11.245003917291712
2021-01-27 00:01:00,8.696103775750482
2021-01-28 00:01:00,3.788869281168557
2021-01-29 00:01:00,3.26628501195523
2021-01-30 00:01:00,8.672922620010011
2021-01-31 00:01:00,11.029146412131508
2021-02-01 00:01:00,9.922648217898242
2021-02-02 00:01:00,7.431268649682547
2021-02-03 00:01:00,6.29705774783252
2021-02-04 00:01:00,6.226948576756167
2021-02-05 00:01:00,9.871198239030624
2021-02-06 00:01:00,6.446918631240437
2021-02-07 00:01:00,7.091890736203077
2021-02-08 00:01:00,8.476779692698008
2021-02-09 00:01:00,6.585332061115961
2021-02-10 00:01:00,7.386501146243858
2021-02-11 00:01:00,4.505250772354035
2021-02-12 00:01:00,8.111925901240584
2021-02-13 00:01:00,13.082680732556408
2021-02-14 00:01:00,7.228845940138065
2021-02-15 00:01:00,7.671287159841412
2021-02-16 00:01:00,-0.1480104199558089
2021-02-17 00:01:00,0.8083868256880441
2021-02-18 00:01:00,18.927409674701988
2021-02-19 00:01:00,7.842248896344613
2021-02-20 00:01:00,30.583961726574064
2021-02-21 00:01:00,14.77254373165158
2021-02-22 00:01:00,10.133583487124389
2021-02-23 00:01:00,14.239544380952369
2021-02-24 00:01:00,2.77664236801407
2021-02-25 00:01:00,7.496273392042106
2021-02-26 00:01:00,13.242274985886343
2021-02-27 00:01:00,7.5250619540639985
2021-02-28 00:01:00,12.270239405245162
2021-03-01 00:01:00,13.759154286310906
2021-03-02 00:01:00,8.635697692085065
2021-03-03 00:01:00,8.262210893432346
2021-03-04 00:01:00,16.913438466894103
2021-03-05 00:01:00,6.598002208270144
2021-03-06 00:01:00,6.184992726235975
2021-03-07 00:01:00,9.090188867288736
2021-03-08 00:01:00,14.389028355208648
2021-03-09 00:01:00,6.972729910001414
2021-03-10 00:01:00,8.543986667522919
2021-03-11 00:01:00,-0.2091713848508047
2021-03-12 00:01:00,8.87443327378291
2021-03-13 00:01:00,3.758454158115055
2021-03-14 00:01:00,26.112025457454223
2021-03-15 00:01:00,23.18720748741625
2021-03-16 00:01:00,11.629758434725414
2021-03-17 00:01:00,7.921799332564235
2021-03-18 00:01:00,3.3485501066666563
2021-03-19 00:01:00,13.874159150416624
2021-03-20 00:01:00,3.3048202183803475
2021-03-21 00:01:00,5.953643662962435
2021-03-22 00:01:00,5.452657302700287
2021-03-23 00:01:00,0.2824410994387676
2021-03-24 00:01:00,5.3173282946662805
2021-03-25 00:01:00,10.757423285118431
2021-03-26 00:01:00,-5.395045713176066
2021-03-27 00:01:00,18.00724582470689
2021-03-28 00:01:00,3.3763274894067847
2021-03-29 00:01:00,7.974058043368637
2021-03-30 00:01:00,19.87672351601067
2021-03-31 00:01:00,15.960637572463712
2021-04-02 00:01:00,8.337661744527907
2021-04-03 00:01:00,-0.9276040495723532
2021-04-04 00:01:00,3.4986585600000035
2021-04-05 00:01:00,5.91970294811322
2021-04-06 00:01:00,14.875112121742092
2021-04-07 00:01:00,10.636945815722653
2021-04-08 00:01:00,4.580890535361746
2021-04-09 00:01:00,-2.241060300057686
2021-04-10 00:01:00,7.351552524947059
2021-04-11 00:01:00,0.8184527200433769
2021-04-12 00:01:00,5.434500000000007
2021-04-13 00:01:00,10.623982988813236
2021-04-14 00:01:00,5.298995916768226
2021-04-15 00:01:00,0.9700164348442752
2021-04-16 00:01:00,5.983578889960186
2021-04-17 00:01:00,3.370651298701305
2021-04-18 00:01:00,7.349784697824761
2021-04-19 00:01:00,2.892739534590393
2021-04-20 00:01:00,5.222716760814903
2021-04-21 00:01:00,6.029445993471115
2021-04-22 00:01:00,7.161133461122133
2021-04-23 00:01:00,5.929611305806651
2021-04-24 00:01:00,3.2597478986683828
2021-04-25 00:01:00,3.978163599964414
2021-04-26 00:01:00,7.4892737407101
2021-04-27 00:01:00,10.577366735851673
2021-04-28 00:01:00,7.826612263779516
2021-04-29 00:01:00,7.185568765046269
2021-04-30 00:01:00,7.5493955150884
2021-05-02 00:01:00,4.96085411047576
2021-05-03 00:01:00,6.96963690764729
2021-05-04 00:01:00,1.3218656122708805
2021-05-05 00:01:00,7.375322950161785
2021-05-06 00:01:00,4.544563707091978
2021-05-07 00:01:00,3.26618973623068
2021-05-08 00:01:00,4.196401938068865
2021-05-09 00:01:00,5.474566893237009
2021-05-10 00:01:00,6.588510018903588
2021-05-11 00:01:00,4.297984050074227
2021-05-12 00:01:00,8.643389253399745
2021-05-13 00:01:00,3.943251689946068
2021-05-14 00:01:00,5.943537767633906
2021-05-15 00:01:00,6.894124577470697
2021-05-16 00:01:00,6.175350763563753
2021-05-17 00:01:00,8.120526915168744
2021-05-18 00:01:00,4.679329789151171
2021-05-19 00:01:00,3.950971346948647
2021-05-20 00:01:00,4.09561206316572
2021-05-21 00:01:00,4.762054905094873
2021-05-22 00:01:00,0.9836286424083068
2021-05-23 00:01:00,6.329287809293884
2021-05-24 00:01:00,8.387079118049343
2021-05-25 00:01:00,9.53209158615389
2021-05-26 00:01:00,6.404183539480252
2021-05-27 00:01:00,4.436581176840754
2021-05-28 00:01:00,4.683647160891688
2021-05-29 00:01:00,6.997416172320364
2021-05-30 00:01:00,5.189331743232509
2021-05-31 00:01:00,4.936669076871979
2021-06-01 00:01:00,5.532335757869904
2021-06-02 00:01:00,3.7363797352888426
2021-06-03 00:01:00,6.418211979644902
2021-06-04 00:01:00,6.748495264881535
2021-06-05 00:01:00,3.210956246694158
2021-06-06 00:01:00,6.989140350239734
2021-06-07 00:01:00,4.16862013556323
2021-06-08 00:01:00,6.585888532110083
2021-06-09 00:01:00,8.312325859778577
2021-06-10 00:01:00,4.387107229384765
2021-06-11 00:01:00,6.91120865919155
2021-06-12 00:01:00,7.088582255973281
2021-06-13 00:01:00,3.647237310732325
2021-06-14 00:01:00,6.9726839837049575
2021-06-15 00:01:00,6.530321164337431
2021-06-16 00:01:00,7.439357209062777
2021-06-17 00:01:00,8.68730824955873
2021-06-18 00:01:00,2.867968000294176
2021-06-19 00:01:00,5.702873603477941
2021-06-20 00:01:00,4.65954548615584
2021-06-21 00:01:00,5.483238271022525
2021-06-22 00:01:00,5.879879517475977
2021-06-23 00:01:00,3.582345053868731
2021-06-24 00:01:00,10.661757961147362
2021-06-25 00:01:00,6.284323115014466
2021-06-26 00:01:00,3.371201380731573
2021-06-27 00:01:00,9.510368603926452
2021-06-28 00:01:00,9.143799527964507
2021-06-29 00:01:00,13.03420513601739
2021-06-30 00:01:00,9.655135490689435
